$GPRMC,000010.00,A,3954.3882,N,11622.0742,E,36.70,357.45,010170,,*0A
$GPGGA,000010.00,3954.3882,N,11622.0742,E,1,08,1.0,54.0,M,0.0,M,,*68
$GPRMC,000010.10,A,3954.3892,N,11622.0742,E,36.88,357.45,010170,,*0D
$GPGGA,000010.10,3954.3892,N,11622.0742,E,1,08,1.0,54.1,M,0.0,M,,*69
$GPRMC,000010.20,A,3954.3903,N,11622.0741,E,37.25,357.45,010170,,*02
$GPGGA,000010.20,3954.3903,N,11622.0741,E,1,08,1.0,54.1,M,0.0,M,,*60
$GPRMC,000010.30,A,3954.3913,N,11622.0740,E,37.61,357.45,010170,,*03
$GPGGA,000010.30,3954.3913,N,11622.0740,E,1,08,1.0,54.1,M,0.0,M,,*61
$GPRMC,000010.40,A,3954.3924,N,11622.0740,E,37.98,357.45,010170,,*06
$GPGGA,000010.40,3954.3924,N,11622.0740,E,1,08,1.0,54.2,M,0.0,M,,*61
$GPRMC,000010.50,A,3954.3934,N,11622.0739,E,38.35,357.45,010170,,*00
$GPGGA,000010.50,3954.3934,N,11622.0739,E,1,08,1.0,54.2,M,0.0,M,,*6F
$GPRMC,000010.60,A,3954.3945,N,11622.0739,E,38.72,357.45,010170,,*06
$GPGGA,000010.60,3954.3945,N,11622.0739,E,1,08,1.0,54.3,M,0.0,M,,*6B
$GPRMC,000010.70,A,3954.3956,N,11622.0738,E,39.08,357.45,010170,,*08
$GPGGA,000010.70,3954.3956,N,11622.0738,E,1,08,1.0,54.3,M,0.0,M,,*69
$GPRMC,000010.80,A,3954.3966,N,11622.0737,E,39.45,357.45,010170,,*02
$GPGGA,000010.80,3954.3966,N,11622.0737,E,1,08,1.0,54.4,M,0.0,M,,*6D
$GPRMC,000010.90,A,3954.3977,N,11622.0737,E,39.82,357.45,010170,,*08
$GPGGA,000010.90,3954.3977,N,11622.0737,E,1,08,1.0,54.4,M,0.0,M,,*6C
$GPRMC,000011.00,A,3954.3989,N,11622.0736,E,40.18,357.45,010170,,*0D
$GPGGA,000011.00,3954.3989,N,11622.0736,E,1,08,1.0,54.5,M,0.0,M,,*65
$GPRMC,000011.10,A,3954.4000,N,11622.0735,E,40.55,357.45,010170,,*09
$GPGGA,000011.10,3954.4000,N,11622.0735,E,1,08,1.0,54.5,M,0.0,M,,*68
$GPRMC,000011.20,A,3954.4011,N,11622.0735,E,40.92,357.45,010170,,*01
$GPGGA,000011.20,3954.4011,N,11622.0735,E,1,08,1.0,54.6,M,0.0,M,,*68
$GPRMC,000011.30,A,3954.4022,N,11622.0734,E,41.28,357.45,010170,,*01
$GPGGA,000011.30,3954.4022,N,11622.0734,E,1,08,1.0,54.6,M,0.0,M,,*68
$GPRMC,000011.40,A,3954.4034,N,11622.0733,E,41.65,357.45,010170,,*0F
$GPGGA,000011.40,3954.4034,N,11622.0733,E,1,08,1.0,54.7,M,0.0,M,,*6E
$GPRMC,000011.50,A,3954.4046,N,11622.0733,E,42.02,357.45,010170,,*09
$GPGGA,000011.50,3954.4046,N,11622.0733,E,1,08,1.0,54.7,M,0.0,M,,*6A
$GPRMC,000011.60,A,3954.4057,N,11622.0732,E,42.39,357.45,010170,,*03
$GPGGA,000011.60,3954.4057,N,11622.0732,E,1,08,1.0,54.8,M,0.0,M,,*67
$GPRMC,000011.70,A,3954.4069,N,11622.0731,E,42.75,357.45,010170,,*04
$GPGGA,000011.70,3954.4069,N,11622.0731,E,1,08,1.0,54.8,M,0.0,M,,*68
$GPRMC,000011.80,A,3954.4081,N,11622.0731,E,43.12,357.45,010170,,*0D
$GPGGA,000011.80,3954.4081,N,11622.0731,E,1,08,1.0,54.9,M,0.0,M,,*60
$GPRMC,000011.90,A,3954.4093,N,11622.0730,E,43.49,357.45,010170,,*00
$GPGGA,000011.90,3954.4093,N,11622.0730,E,1,08,1.0,54.9,M,0.0,M,,*63
$GPRMC,000012.00,A,3954.4105,N,11622.0729,E,43.85,357.45,010170,,*0C
$GPGGA,000012.00,3954.4105,N,11622.0729,E,1,08,1.0,55.0,M,0.0,M,,*67
$GPRMC,000012.10,A,3954.4117,N,11622.0729,E,44.22,357.45,010170,,*04
$GPGGA,000012.10,3954.4117,N,11622.0729,E,1,08,1.0,55.0,M,0.0,M,,*65
$GPRMC,000012.20,A,3954.4130,N,11622.0728,E,44.59,357.45,010170,,*0F
$GPGGA,000012.20,3954.4130,N,11622.0728,E,1,08,1.0,55.1,M,0.0,M,,*63
$GPRMC,000012.30,A,3954.4142,N,11622.0727,E,44.95,357.45,010170,,*04
$GPGGA,000012.30,3954.4142,N,11622.0727,E,1,08,1.0,55.1,M,0.0,M,,*68
$GPRMC,000012.40,A,3954.4155,N,11622.0726,E,45.32,357.45,010170,,*08
$GPGGA,000012.40,3954.4155,N,11622.0726,E,1,08,1.0,55.2,M,0.0,M,,*6B
$GPRMC,000012.50,A,3954.4167,N,11622.0726,E,45.69,357.45,010170,,*06
$GPGGA,000012.50,3954.4167,N,11622.0726,E,1,08,1.0,55.2,M,0.0,M,,*6B
$GPRMC,000012.60,A,3954.4180,N,11622.0725,E,46.06,357.45,010170,,*05
$GPGGA,000012.60,3954.4180,N,11622.0725,E,1,08,1.0,55.3,M,0.0,M,,*63
$GPRMC,000012.70,A,3954.4193,N,11622.0724,E,46.42,357.45,010170,,*07
$GPGGA,000012.70,3954.4193,N,11622.0724,E,1,08,1.0,55.3,M,0.0,M,,*61
$GPRMC,000012.80,A,3954.4206,N,11622.0723,E,46.79,357.45,010170,,*08
$GPGGA,000012.80,3954.4206,N,11622.0723,E,1,08,1.0,55.4,M,0.0,M,,*61
$GPRMC,000012.90,A,3954.4219,N,11622.0723,E,47.16,357.45,010170,,*0F
$GPGGA,000012.90,3954.4219,N,11622.0723,E,1,08,1.0,55.4,M,0.0,M,,*6E
$GPRMC,000013.00,A,3954.4232,N,11622.0722,E,47.52,357.45,010170,,*0F
$GPGGA,000013.00,3954.4232,N,11622.0722,E,1,08,1.0,55.5,M,0.0,M,,*6F
$GPRMC,000013.10,A,3954.4245,N,11622.0721,E,47.89,357.45,010170,,*0B
$GPGGA,000013.10,3954.4245,N,11622.0721,E,1,08,1.0,55.5,M,0.0,M,,*6D
$GPRMC,000013.20,A,3954.4258,N,11622.0720,E,48.26,357.45,010170,,*0F
$GPGGA,000013.20,3954.4258,N,11622.0720,E,1,08,1.0,55.6,M,0.0,M,,*60
$GPRMC,000013.30,A,3954.4272,N,11622.0720,E,48.62,357.45,010170,,*06
$GPGGA,000013.30,3954.4272,N,11622.0720,E,1,08,1.0,55.7,M,0.0,M,,*68
$GPRMC,000013.40,A,3954.4285,N,11622.0719,E,48.99,357.45,010170,,*07
$GPGGA,000013.40,3954.4285,N,11622.0719,E,1,08,1.0,55.7,M,0.0,M,,*6D
$GPRMC,000013.50,A,3954.4299,N,11622.0718,E,49.36,357.45,010170,,*0E
$GPGGA,000013.50,3954.4299,N,11622.0718,E,1,08,1.0,55.8,M,0.0,M,,*6F
$GPRMC,000013.60,A,3954.4313,N,11622.0717,E,49.73,357.45,010170,,*00
$GPGGA,000013.60,3954.4313,N,11622.0717,E,1,08,1.0,55.8,M,0.0,M,,*60
$GPRMC,000013.70,A,3954.4327,N,11622.0716,E,50.09,357.45,010170,,*02
$GPGGA,000013.70,3954.4327,N,11622.0716,E,1,08,1.0,55.9,M,0.0,M,,*66
$GPRMC,000013.80,A,3954.4340,N,11622.0716,E,50.46,357.45,010170,,*07
$GPGGA,000013.80,3954.4340,N,11622.0716,E,1,08,1.0,55.9,M,0.0,M,,*68
$GPRMC,000013.90,A,3954.4355,N,11622.0715,E,50.83,357.45,010170,,*08
$GPGGA,000013.90,3954.4355,N,11622.0715,E,1,08,1.0,56.0,M,0.0,M,,*64
$GPRMC,000014.00,A,3954.4369,N,11622.0714,E,51.19,357.45,010170,,*0A
$GPGGA,000014.00,3954.4369,N,11622.0714,E,1,08,1.0,56.1,M,0.0,M,,*65
$GPRMC,000014.10,A,3954.4383,N,11622.0713,E,51.56,357.45,010170,,*03
$GPGGA,000014.10,3954.4383,N,11622.0713,E,1,08,1.0,56.1,M,0.0,M,,*67
$GPRMC,000014.20,A,3954.4397,N,11622.0712,E,51.93,357.45,010170,,*0D
$GPGGA,000014.20,3954.4397,N,11622.0712,E,1,08,1.0,56.2,M,0.0,M,,*63
$GPRMC,000014.30,A,3954.4412,N,11622.0712,E,52.29,357.45,010170,,*04
$GPGGA,000014.30,3954.4412,N,11622.0712,E,1,08,1.0,56.3,M,0.0,M,,*69
$GPRMC,000014.40,A,3954.4426,N,11622.0711,E,52.66,357.45,010170,,*0C
$GPGGA,000014.40,3954.4426,N,11622.0711,E,1,08,1.0,56.3,M,0.0,M,,*6A
$GPRMC,000014.50,A,3954.4441,N,11622.0710,E,53.03,357.45,010170,,*0F
$GPGGA,000014.50,3954.4441,N,11622.0710,E,1,08,1.0,56.4,M,0.0,M,,*6C
$GPRMC,000014.60,A,3954.4456,N,11622.0709,E,53.39,357.45,010170,,*0B
$GPGGA,000014.60,3954.4456,N,11622.0709,E,1,08,1.0,56.4,M,0.0,M,,*61
$GPRMC,000014.70,A,3954.4471,N,11622.0708,E,53.76,357.45,010170,,*05
$GPGGA,000014.70,3954.4471,N,11622.0708,E,1,08,1.0,56.5,M,0.0,M,,*65
$GPRMC,000014.80,A,3954.4486,N,11622.0707,E,54.13,357.45,010170,,*09
$GPGGA,000014.80,3954.4486,N,11622.0707,E,1,08,1.0,56.6,M,0.0,M,,*6E
$GPRMC,000014.90,A,3954.4501,N,11622.0706,E,54.50,357.45,010170,,*00
$GPGGA,000014.90,3954.4501,N,11622.0706,E,1,08,1.0,56.6,M,0.0,M,,*60
$GPRMC,000015.00,A,3954.4516,N,11622.0706,E,54.86,357.45,010170,,*05
$GPGGA,000015.00,3954.4516,N,11622.0706,E,1,08,1.0,56.7,M,0.0,M,,*6F
$GPRMC,000015.10,A,3954.4531,N,11622.0705,E,55.23,357.63,010170,,*08
$GPGGA,000015.10,3954.4531,N,11622.0705,E,1,08,1.0,56.8,M,0.0,M,,*67
$GPRMC,000015.20,A,3954.4546,N,11622.0704,E,55.59,358.23,010170,,*0C
$GPGGA,000015.20,3954.4546,N,11622.0704,E,1,08,1.0,56.8,M,0.0,M,,*65
$GPRMC,000015.30,A,3954.4562,N,11622.0703,E,55.96,358.66,010170,,*0E
$GPGGA,000015.30,3954.4562,N,11622.0703,E,1,08,1.0,56.9,M,0.0,M,,*64
$GPRMC,000015.40,A,3954.4577,N,11622.0703,E,56.33,358.66,010170,,*01
$GPGGA,000015.40,3954.4577,N,11622.0703,E,1,08,1.0,57.0,M,0.0,M,,*6F
$GPRMC,000015.50,A,3954.4593,N,11622.0702,E,56.70,358.66,010170,,*0C
$GPGGA,000015.50,3954.4593,N,11622.0702,E,1,08,1.0,57.1,M,0.0,M,,*64
$GPRMC,000015.60,A,3954.4609,N,11622.0702,E,57.06,358.66,010170,,*0F
$GPGGA,000015.60,3954.4609,N,11622.0702,E,1,08,1.0,57.2,M,0.0,M,,*64
$GPRMC,000015.70,A,3954.4625,N,11622.0701,E,57.43,358.66,010170,,*02
$GPGGA,000015.70,3954.4625,N,11622.0701,E,1,08,1.0,57.3,M,0.0,M,,*69
$GPRMC,000015.80,A,3954.4641,N,11622.0701,E,57.80,358.66,010170,,*00
$GPGGA,000015.80,3954.4641,N,11622.0701,E,1,08,1.0,57.3,M,0.0,M,,*64
$GPRMC,000015.90,A,3954.4657,N,11622.0701,E,58.12,358.66,010170,,*02
$GPGGA,000015.90,3954.4657,N,11622.0701,E,1,08,1.0,57.4,M,0.0,M,,*65
$GPRMC,000016.00,A,3954.4673,N,11622.0700,E,58.25,358.66,010170,,*0B
$GPGGA,000016.00,3954.4673,N,11622.0700,E,1,08,1.0,57.5,M,0.0,M,,*69
$GPRMC,000016.10,A,3954.4689,N,11622.0700,E,58.25,358.66,010170,,*0F
$GPGGA,000016.10,3954.4689,N,11622.0700,E,1,08,1.0,57.6,M,0.0,M,,*6E
$GPRMC,000016.20,A,3954.4705,N,11622.0699,E,58.25,358.66,010170,,*08
$GPGGA,000016.20,3954.4705,N,11622.0699,E,1,08,1.0,57.7,M,0.0,M,,*68
$GPRMC,000016.30,A,3954.4722,N,11622.0699,E,58.25,358.66,010170,,*0C
$GPGGA,000016.30,3954.4722,N,11622.0699,E,1,08,1.0,57.8,M,0.0,M,,*63
$GPRMC,000016.40,A,3954.4738,N,11622.0698,E,58.25,358.66,010170,,*01
$GPGGA,000016.40,3954.4738,N,11622.0698,E,1,08,1.0,57.9,M,0.0,M,,*6F
$GPRMC,000016.50,A,3954.4754,N,11622.0698,E,58.25,358.66,010170,,*0A
$GPGGA,000016.50,3954.4754,N,11622.0698,E,1,08,1.0,58.0,M,0.0,M,,*62
$GPRMC,000016.60,A,3954.4770,N,11622.0697,E,58.25,358.66,010170,,*00
$GPGGA,000016.60,3954.4770,N,11622.0697,E,1,08,1.0,58.1,M,0.0,M,,*69
$GPRMC,000016.70,A,3954.4786,N,11622.0697,E,58.25,358.66,010170,,*08
$GPGGA,000016.70,3954.4786,N,11622.0697,E,1,08,1.0,58.1,M,0.0,M,,*61
$GPRMC,000016.80,A,3954.4802,N,11622.0696,E,58.25,358.66,010170,,*05
$GPGGA,000016.80,3954.4802,N,11622.0696,E,1,08,1.0,58.2,M,0.0,M,,*6F
$GPRMC,000016.90,A,3954.4819,N,11622.0696,E,58.25,358.66,010170,,*0E
$GPGGA,000016.90,3954.4819,N,11622.0696,E,1,08,1.0,58.3,M,0.0,M,,*65
$GPRMC,000017.00,A,3954.4835,N,11622.0695,E,58.25,358.66,010170,,*0B
$GPGGA,000017.00,3954.4835,N,11622.0695,E,1,08,1.0,58.4,M,0.0,M,,*67
$GPRMC,000017.10,A,3954.4851,N,11622.0695,E,58.25,358.66,010170,,*08
$GPGGA,000017.10,3954.4851,N,11622.0695,E,1,08,1.0,58.5,M,0.0,M,,*65
$GPRMC,000017.20,A,3954.4867,N,11622.0694,E,58.25,358.66,010170,,*0F
$GPGGA,000017.20,3954.4867,N,11622.0694,E,1,08,1.0,58.6,M,0.0,M,,*61
$GPRMC,000017.30,A,3954.4883,N,11622.0694,E,58.25,358.66,010170,,*04
$GPGGA,000017.30,3954.4883,N,11622.0694,E,1,08,1.0,58.7,M,0.0,M,,*6B
$GPRMC,000017.40,A,3954.4899,N,11622.0693,E,58.25,358.66,010170,,*0F
$GPGGA,000017.40,3954.4899,N,11622.0693,E,1,08,1.0,58.8,M,0.0,M,,*6F
$GPRMC,000017.50,A,3954.4916,N,11622.0693,E,58.25,358.66,010170,,*08
$GPGGA,000017.50,3954.4916,N,11622.0693,E,1,08,1.0,58.9,M,0.0,M,,*69
$GPRMC,000017.60,A,3954.4932,N,11622.0692,E,58.25,358.66,010170,,*0C
$GPGGA,000017.60,3954.4932,N,11622.0692,E,1,08,1.0,59.0,M,0.0,M,,*65
$GPRMC,000017.70,A,3954.4948,N,11622.0692,E,58.25,358.66,010170,,*00
$GPGGA,000017.70,3954.4948,N,11622.0692,E,1,08,1.0,59.0,M,0.0,M,,*69
$GPRMC,000017.80,A,3954.4964,N,11622.0691,E,58.25,358.65,010170,,*01
$GPGGA,000017.80,3954.4964,N,11622.0691,E,1,08,1.0,59.1,M,0.0,M,,*6A
$GPRMC,000017.90,A,3954.4980,N,11622.0691,E,58.25,358.58,010170,,*04
$GPGGA,000017.90,3954.4980,N,11622.0691,E,1,08,1.0,59.2,M,0.0,M,,*62
$GPRMC,000018.00,A,3954.4996,N,11622.0690,E,58.25,358.52,010170,,*0E
$GPGGA,000018.00,3954.4996,N,11622.0690,E,1,08,1.0,59.2,M,0.0,M,,*62
$GPRMC,000018.10,A,3954.5013,N,11622.0690,E,58.25,358.52,010170,,*0A
$GPGGA,000018.10,3954.5013,N,11622.0690,E,1,08,1.0,59.3,M,0.0,M,,*67
$GPRMC,000018.20,A,3954.5029,N,11622.0689,E,58.25,358.52,010170,,*08
$GPGGA,000018.20,3954.5029,N,11622.0689,E,1,08,1.0,59.3,M,0.0,M,,*65
$GPRMC,000018.30,A,3954.5045,N,11622.0688,E,58.25,358.52,010170,,*02
$GPGGA,000018.30,3954.5045,N,11622.0688,E,1,08,1.0,59.3,M,0.0,M,,*6F
$GPRMC,000018.40,A,3954.5061,N,11622.0688,E,58.25,358.52,010170,,*03
$GPGGA,000018.40,3954.5061,N,11622.0688,E,1,08,1.0,59.3,M,0.0,M,,*6E
$GPRMC,000018.50,A,3954.5077,N,11622.0687,E,58.25,358.52,010170,,*0A
$GPGGA,000018.50,3954.5077,N,11622.0687,E,1,08,1.0,59.4,M,0.0,M,,*60
$GPRMC,000018.60,A,3954.5093,N,11622.0687,E,58.25,358.62,010170,,*00
$GPGGA,000018.60,3954.5093,N,11622.0687,E,1,08,1.0,59.4,M,0.0,M,,*69
$GPRMC,000018.70,A,3954.5109,N,11622.0686,E,58.25,358.80,010170,,*0E
$GPGGA,000018.70,3954.5109,N,11622.0686,E,1,08,1.0,59.4,M,0.0,M,,*6B
$GPRMC,000018.80,A,3954.5126,N,11622.0686,E,58.25,358.89,010170,,*05
$GPGGA,000018.80,3954.5126,N,11622.0686,E,1,08,1.0,59.4,M,0.0,M,,*69
$GPRMC,000018.90,A,3954.5142,N,11622.0686,E,58.25,358.89,010170,,*06
$GPGGA,000018.90,3954.5142,N,11622.0686,E,1,08,1.0,59.3,M,0.0,M,,*6D
$GPRMC,000019.00,A,3954.5158,N,11622.0685,E,58.25,358.89,010170,,*06
$GPGGA,000019.00,3954.5158,N,11622.0685,E,1,08,1.0,59.3,M,0.0,M,,*6D
$GPRMC,000019.10,A,3954.5174,N,11622.0685,E,58.25,358.89,010170,,*09
$GPGGA,000019.10,3954.5174,N,11622.0685,E,1,08,1.0,59.3,M,0.0,M,,*62
$GPRMC,000019.20,A,3954.5190,N,11622.0684,E,58.25,358.89,010170,,*01
$GPGGA,000019.20,3954.5190,N,11622.0684,E,1,08,1.0,59.3,M,0.0,M,,*6A
$GPRMC,000019.30,A,3954.5206,N,11622.0684,E,58.25,358.89,010170,,*0C
$GPGGA,000019.30,3954.5206,N,11622.0684,E,1,08,1.0,59.3,M,0.0,M,,*67
$GPRMC,000019.40,A,3954.5223,N,11622.0684,E,58.25,358.89,010170,,*0C
$GPGGA,000019.40,3954.5223,N,11622.0684,E,1,08,1.0,59.2,M,0.0,M,,*66
$GPRMC,000019.50,A,3954.5239,N,11622.0683,E,58.25,358.89,010170,,*01
$GPGGA,000019.50,3954.5239,N,11622.0683,E,1,08,1.0,59.2,M,0.0,M,,*6B
$GPRMC,000019.60,A,3954.5255,N,11622.0683,E,58.25,358.89,010170,,*08
$GPGGA,000019.60,3954.5255,N,11622.0683,E,1,08,1.0,59.2,M,0.0,M,,*62
$GPRMC,000019.70,A,3954.5271,N,11622.0682,E,58.25,358.89,010170,,*0E
$GPGGA,000019.70,3954.5271,N,11622.0682,E,1,08,1.0,59.2,M,0.0,M,,*64
$GPRMC,000019.80,A,3954.5287,N,11622.0682,E,58.25,358.89,010170,,*08
$GPGGA,000019.80,3954.5287,N,11622.0682,E,1,08,1.0,59.1,M,0.0,M,,*61
$GPRMC,000019.90,A,3954.5303,N,11622.0681,E,58.25,358.89,010170,,*07
$GPGGA,000019.90,3954.5303,N,11622.0681,E,1,08,1.0,59.1,M,0.0,M,,*6E
$GPRMC,000020.00,A,3954.5320,N,11622.0681,E,58.25,358.89,010170,,*05
$GPGGA,000020.00,3954.5320,N,11622.0681,E,1,08,1.0,59.1,M,0.0,M,,*6C
$GPRMC,000020.10,A,3954.5336,N,11622.0681,E,58.25,358.89,010170,,*03
$GPGGA,000020.10,3954.5336,N,11622.0681,E,1,08,1.0,59.1,M,0.0,M,,*6A
$GPRMC,000020.20,A,3954.5352,N,11622.0680,E,58.25,358.89,010170,,*03
$GPGGA,000020.20,3954.5352,N,11622.0680,E,1,08,1.0,59.0,M,0.0,M,,*6B
$GPRMC,000020.30,A,3954.5368,N,11622.0680,E,58.25,358.89,010170,,*0B
$GPGGA,000020.30,3954.5368,N,11622.0680,E,1,08,1.0,59.0,M,0.0,M,,*63
$GPRMC,000020.40,A,3954.5384,N,11622.0679,E,58.25,358.89,010170,,*08
$GPGGA,000020.40,3954.5384,N,11622.0679,E,1,08,1.0,59.0,M,0.0,M,,*60
$GPRMC,000020.50,A,3954.5400,N,11622.0679,E,58.25,358.89,010170,,*02
$GPGGA,000020.50,3954.5400,N,11622.0679,E,1,08,1.0,59.0,M,0.0,M,,*6A
$GPRMC,000020.60,A,3954.5417,N,11622.0679,E,58.25,358.89,010170,,*07
$GPGGA,000020.60,3954.5417,N,11622.0679,E,1,08,1.0,59.0,M,0.0,M,,*6F
$GPRMC,000020.70,A,3954.5433,N,11622.0678,E,58.25,358.89,010170,,*01
$GPGGA,000020.70,3954.5433,N,11622.0678,E,1,08,1.0,58.9,M,0.0,M,,*61
$GPRMC,000020.80,A,3954.5449,N,11622.0678,E,58.25,358.89,010170,,*03
$GPGGA,000020.80,3954.5449,N,11622.0678,E,1,08,1.0,58.9,M,0.0,M,,*63
$GPRMC,000020.90,A,3954.5465,N,11622.0677,E,58.25,358.89,010170,,*03
$GPGGA,000020.90,3954.5465,N,11622.0677,E,1,08,1.0,58.9,M,0.0,M,,*63
$GPRMC,000021.00,A,3954.5481,N,11622.0677,E,58.25,358.89,010170,,*01
$GPGGA,000021.00,3954.5481,N,11622.0677,E,1,08,1.0,58.9,M,0.0,M,,*61
$GPRMC,000021.10,A,3954.5497,N,11622.0677,E,58.25,358.89,010170,,*07
$GPGGA,000021.10,3954.5497,N,11622.0677,E,1,08,1.0,58.8,M,0.0,M,,*66
$GPRMC,000021.20,A,3954.5514,N,11622.0676,E,58.25,358.89,010170,,*0F
$GPGGA,000021.20,3954.5514,N,11622.0676,E,1,08,1.0,58.8,M,0.0,M,,*6E
$GPRMC,000021.30,A,3954.5530,N,11622.0676,E,58.25,358.89,010170,,*08
$GPGGA,000021.30,3954.5530,N,11622.0676,E,1,08,1.0,58.8,M,0.0,M,,*69
$GPRMC,000021.40,A,3954.5546,N,11622.0675,E,58.25,358.89,010170,,*0D
$GPGGA,000021.40,3954.5546,N,11622.0675,E,1,08,1.0,58.8,M,0.0,M,,*6C
$GPRMC,000021.50,A,3954.5562,N,11622.0675,E,58.25,358.89,010170,,*0A
$GPGGA,000021.50,3954.5562,N,11622.0675,E,1,08,1.0,58.8,M,0.0,M,,*6B
$GPRMC,000021.60,A,3954.5578,N,11622.0675,E,58.25,358.89,010170,,*02
$GPGGA,000021.60,3954.5578,N,11622.0675,E,1,08,1.0,58.7,M,0.0,M,,*6C
$GPRMC,000021.70,A,3954.5594,N,11622.0674,E,58.25,358.89,010170,,*00
$GPGGA,000021.70,3954.5594,N,11622.0674,E,1,08,1.0,58.7,M,0.0,M,,*6E
$GPRMC,000021.80,A,3954.5611,N,11622.0674,E,58.25,358.89,010170,,*01
$GPGGA,000021.80,3954.5611,N,11622.0674,E,1,08,1.0,58.7,M,0.0,M,,*6F
$GPRMC,000021.90,A,3954.5627,N,11622.0673,E,58.25,358.89,010170,,*02
$GPGGA,000021.90,3954.5627,N,11622.0673,E,1,08,1.0,58.7,M,0.0,M,,*6C
$GPRMC,000022.00,A,3954.5643,N,11622.0673,E,58.25,358.89,010170,,*0A
$GPGGA,000022.00,3954.5643,N,11622.0673,E,1,08,1.0,58.6,M,0.0,M,,*65
$GPRMC,000022.10,A,3954.5659,N,11622.0672,E,58.25,358.89,010170,,*01
$GPGGA,000022.10,3954.5659,N,11622.0672,E,1,08,1.0,58.6,M,0.0,M,,*6E
$GPRMC,000022.20,A,3954.5675,N,11622.0672,E,58.25,358.89,010170,,*0C
$GPGGA,000022.20,3954.5675,N,11622.0672,E,1,08,1.0,58.6,M,0.0,M,,*63
$GPRMC,000022.30,A,3954.5691,N,11622.0672,E,58.25,358.89,010170,,*07
$GPGGA,000022.30,3954.5691,N,11622.0672,E,1,08,1.0,58.6,M,0.0,M,,*68
$GPRMC,000022.40,A,3954.5708,N,11622.0671,E,58.25,358.89,010170,,*02
$GPGGA,000022.40,3954.5708,N,11622.0671,E,1,08,1.0,58.5,M,0.0,M,,*6E
$GPRMC,000022.50,A,3954.5724,N,11622.0671,E,58.25,358.89,010170,,*0D
$GPGGA,000022.50,3954.5724,N,11622.0671,E,1,08,1.0,58.5,M,0.0,M,,*61
$GPRMC,000022.60,A,3954.5740,N,11622.0670,E,58.25,359.00,010170,,*0D
$GPGGA,000022.60,3954.5740,N,11622.0670,E,1,08,1.0,58.5,M,0.0,M,,*61
$GPRMC,000022.70,A,3954.5756,N,11622.0670,E,58.25,359.12,010170,,*08
$GPGGA,000022.70,3954.5756,N,11622.0670,E,1,08,1.0,58.5,M,0.0,M,,*67
$GPRMC,000022.80,A,3954.5772,N,11622.0670,E,58.25,359.12,010170,,*01
$GPGGA,000022.80,3954.5772,N,11622.0670,E,1,08,1.0,58.5,M,0.0,M,,*6E
$GPRMC,000022.90,A,3954.5788,N,11622.0669,E,58.25,359.12,010170,,*0D
$GPGGA,000022.90,3954.5788,N,11622.0669,E,1,08,1.0,58.5,M,0.0,M,,*62
$GPRMC,000023.00,A,3954.5805,N,11622.0669,E,58.25,359.12,010170,,*0F
$GPGGA,000023.00,3954.5805,N,11622.0669,E,1,08,1.0,58.6,M,0.0,M,,*63
$GPRMC,000023.10,A,3954.5821,N,11622.0669,E,58.25,359.12,010170,,*08
$GPGGA,000023.10,3954.5821,N,11622.0669,E,1,08,1.0,58.6,M,0.0,M,,*64
$GPRMC,000023.20,A,3954.5837,N,11622.0668,E,58.25,359.12,010170,,*0D
$GPGGA,000023.20,3954.5837,N,11622.0668,E,1,08,1.0,58.6,M,0.0,M,,*61
$GPRMC,000023.30,A,3954.5853,N,11622.0668,E,58.25,359.12,010170,,*0E
$GPGGA,000023.30,3954.5853,N,11622.0668,E,1,08,1.0,58.6,M,0.0,M,,*62
$GPRMC,000023.40,A,3954.5869,N,11622.0668,E,58.25,359.12,010170,,*00
$GPGGA,000023.40,3954.5869,N,11622.0668,E,1,08,1.0,58.6,M,0.0,M,,*6C
$GPRMC,000023.50,A,3954.5885,N,11622.0668,E,58.25,359.12,010170,,*03
$GPGGA,000023.50,3954.5885,N,11622.0668,E,1,08,1.0,58.6,M,0.0,M,,*6F
$GPRMC,000023.60,A,3954.5902,N,11622.0667,E,58.25,359.12,010170,,*01
$GPGGA,000023.60,3954.5902,N,11622.0667,E,1,08,1.0,58.7,M,0.0,M,,*6C
$GPRMC,000023.70,A,3954.5918,N,11622.0667,E,58.25,359.12,010170,,*0B
$GPGGA,000023.70,3954.5918,N,11622.0667,E,1,08,1.0,58.7,M,0.0,M,,*66
$GPRMC,000023.80,A,3954.5934,N,11622.0667,E,58.25,359.12,010170,,*0A
$GPGGA,000023.80,3954.5934,N,11622.0667,E,1,08,1.0,58.7,M,0.0,M,,*67
$GPRMC,000023.90,A,3954.5950,N,11622.0666,E,58.25,359.12,010170,,*08
$GPGGA,000023.90,3954.5950,N,11622.0666,E,1,08,1.0,58.7,M,0.0,M,,*65
$GPRMC,000024.00,A,3954.5966,N,11622.0666,E,58.25,359.12,010170,,*03
$GPGGA,000024.00,3954.5966,N,11622.0666,E,1,08,1.0,58.7,M,0.0,M,,*6E
$GPRMC,000024.10,A,3954.5983,N,11622.0666,E,58.25,359.12,010170,,*09
$GPGGA,000024.10,3954.5983,N,11622.0666,E,1,08,1.0,58.7,M,0.0,M,,*64
$GPRMC,000024.20,A,3954.5999,N,11622.0665,E,58.25,359.12,010170,,*02
$GPGGA,000024.20,3954.5999,N,11622.0665,E,1,08,1.0,58.8,M,0.0,M,,*60
$GPRMC,000024.30,A,3954.6015,N,11622.0665,E,58.25,359.12,010170,,*0D
$GPGGA,000024.30,3954.6015,N,11622.0665,E,1,08,1.0,58.8,M,0.0,M,,*6F
$GPRMC,000024.40,A,3954.6031,N,11622.0665,E,58.25,359.12,010170,,*0C
$GPGGA,000024.40,3954.6031,N,11622.0665,E,1,08,1.0,58.8,M,0.0,M,,*6E
$GPRMC,000024.50,A,3954.6047,N,11622.0664,E,58.25,359.12,010170,,*0D
$GPGGA,000024.50,3954.6047,N,11622.0664,E,1,08,1.0,58.8,M,0.0,M,,*6F
$GPRMC,000024.60,A,3954.6063,N,11622.0664,E,58.25,359.12,010170,,*08
$GPGGA,000024.60,3954.6063,N,11622.0664,E,1,08,1.0,58.8,M,0.0,M,,*6A
$GPRMC,000024.70,A,3954.6080,N,11622.0664,E,58.25,359.12,010170,,*04
$GPGGA,000024.70,3954.6080,N,11622.0664,E,1,08,1.0,58.8,M,0.0,M,,*66
$GPRMC,000024.80,A,3954.6096,N,11622.0663,E,58.25,359.12,010170,,*0B
$GPGGA,000024.80,3954.6096,N,11622.0663,E,1,08,1.0,58.9,M,0.0,M,,*68
$GPRMC,000024.90,A,3954.6112,N,11622.0663,E,58.25,359.12,010170,,*07
$GPGGA,000024.90,3954.6112,N,11622.0663,E,1,08,1.0,58.9,M,0.0,M,,*64
$GPRMC,000025.00,A,3954.6128,N,11622.0663,E,58.25,359.12,010170,,*06
$GPGGA,000025.00,3954.6128,N,11622.0663,E,1,08,1.0,58.9,M,0.0,M,,*65
$GPRMC,000025.10,A,3954.6144,N,11622.0662,E,58.25,359.12,010170,,*0C
$GPGGA,000025.10,3954.6144,N,11622.0662,E,1,08,1.0,58.9,M,0.0,M,,*6F
$GPRMC,000025.20,A,3954.6160,N,11622.0662,E,58.25,359.12,010170,,*09
$GPGGA,000025.20,3954.6160,N,11622.0662,E,1,08,1.0,58.9,M,0.0,M,,*6A
$GPRMC,000025.30,A,3954.6177,N,11622.0662,E,58.25,359.12,010170,,*0E
$GPGGA,000025.30,3954.6177,N,11622.0662,E,1,08,1.0,58.9,M,0.0,M,,*6D
$GPRMC,000025.40,A,3954.6193,N,11622.0661,E,58.25,359.12,010170,,*00
$GPGGA,000025.40,3954.6193,N,11622.0661,E,1,08,1.0,59.0,M,0.0,M,,*6B
$GPRMC,000025.50,A,3954.6209,N,11622.0661,E,58.25,359.12,010170,,*01
$GPGGA,000025.50,3954.6209,N,11622.0661,E,1,08,1.0,59.0,M,0.0,M,,*6A
$GPRMC,000025.60,A,3954.6225,N,11622.0661,E,58.25,359.12,010170,,*0C
$GPGGA,000025.60,3954.6225,N,11622.0661,E,1,08,1.0,59.0,M,0.0,M,,*67
$GPRMC,000025.70,A,3954.6241,N,11622.0660,E,58.25,359.12,010170,,*0E
$GPGGA,000025.70,3954.6241,N,11622.0660,E,1,08,1.0,59.0,M,0.0,M,,*65
$GPRMC,000025.80,A,3954.6257,N,11622.0660,E,58.25,359.12,010170,,*06
$GPGGA,000025.80,3954.6257,N,11622.0660,E,1,08,1.0,59.0,M,0.0,M,,*6D
$GPRMC,000025.90,A,3954.6274,N,11622.0660,E,58.25,359.12,010170,,*06
$GPGGA,000025.90,3954.6274,N,11622.0660,E,1,08,1.0,59.0,M,0.0,M,,*6D
$GPRMC,000026.00,A,3954.6290,N,11622.0659,E,58.25,359.12,010170,,*0C
$GPGGA,000026.00,3954.6290,N,11622.0659,E,1,08,1.0,59.0,M,0.0,M,,*67
$GPRMC,000026.10,A,3954.6306,N,11622.0659,E,58.25,359.12,010170,,*03
$GPGGA,000026.10,3954.6306,N,11622.0659,E,1,08,1.0,59.1,M,0.0,M,,*69
$GPRMC,000026.20,A,3954.6322,N,11622.0659,E,58.25,359.12,010170,,*06
$GPGGA,000026.20,3954.6322,N,11622.0659,E,1,08,1.0,59.1,M,0.0,M,,*6C
$GPRMC,000026.30,A,3954.6338,N,11622.0658,E,58.25,358.79,010170,,*01
$GPGGA,000026.30,3954.6338,N,11622.0658,E,1,08,1.0,59.1,M,0.0,M,,*67
$GPRMC,000026.40,A,3954.6354,N,11622.0658,E,58.25,358.35,010170,,*04
$GPGGA,000026.40,3954.6354,N,11622.0658,E,1,08,1.0,59.1,M,0.0,M,,*6A
$GPRMC,000026.50,A,3954.6371,N,11622.0657,E,58.25,358.25,010170,,*0C
$GPGGA,000026.50,3954.6371,N,11622.0657,E,1,08,1.0,59.2,M,0.0,M,,*60
$GPRMC,000026.60,A,3954.6387,N,11622.0657,E,58.25,358.25,010170,,*06
$GPGGA,000026.60,3954.6387,N,11622.0657,E,1,08,1.0,59.2,M,0.0,M,,*6A
$GPRMC,000026.70,A,3954.6403,N,11622.0656,E,58.25,358.25,010170,,*0D
$GPGGA,000026.70,3954.6403,N,11622.0656,E,1,08,1.0,59.2,M,0.0,M,,*61
$GPRMC,000026.80,A,3954.6419,N,11622.0655,E,58.25,358.25,010170,,*0A
$GPGGA,000026.80,3954.6419,N,11622.0655,E,1,08,1.0,59.2,M,0.0,M,,*66
$GPRMC,000026.90,A,3954.6435,N,11622.0655,E,58.25,358.31,010170,,*00
$GPGGA,000026.90,3954.6435,N,11622.0655,E,1,08,1.0,59.3,M,0.0,M,,*68
$GPRMC,000027.00,A,3954.6451,N,11622.0654,E,58.25,358.58,010170,,*04
$GPGGA,000027.00,3954.6451,N,11622.0654,E,1,08,1.0,59.3,M,0.0,M,,*63
$GPRMC,000027.10,A,3954.6467,N,11622.0654,E,58.25,358.78,010170,,*02
$GPGGA,000027.10,3954.6467,N,11622.0654,E,1,08,1.0,59.4,M,0.0,M,,*60
$GPRMC,000027.20,A,3954.6484,N,11622.0653,E,58.25,358.78,010170,,*0B
$GPGGA,000027.20,3954.6484,N,11622.0653,E,1,08,1.0,59.4,M,0.0,M,,*69
$GPRMC,000027.30,A,3954.6500,N,11622.0653,E,58.25,358.78,010170,,*07
$GPGGA,000027.30,3954.6500,N,11622.0653,E,1,08,1.0,59.5,M,0.0,M,,*64
$GPRMC,000027.40,A,3954.6516,N,11622.0652,E,58.25,358.78,010170,,*06
$GPGGA,000027.40,3954.6516,N,11622.0652,E,1,08,1.0,59.5,M,0.0,M,,*65
$GPRMC,000027.50,A,3954.6532,N,11622.0652,E,58.25,358.78,010170,,*01
$GPGGA,000027.50,3954.6532,N,11622.0652,E,1,08,1.0,59.6,M,0.0,M,,*61
$GPRMC,000027.60,A,3954.6548,N,11622.0651,E,58.25,358.78,010170,,*0C
$GPGGA,000027.60,3954.6548,N,11622.0651,E,1,08,1.0,59.7,M,0.0,M,,*6D
$GPRMC,000027.70,A,3954.6564,N,11622.0651,E,58.25,358.78,010170,,*03
$GPGGA,000027.70,3954.6564,N,11622.0651,E,1,08,1.0,59.7,M,0.0,M,,*62
$GPRMC,000027.80,A,3954.6581,N,11622.0650,E,58.25,358.78,010170,,*06
$GPGGA,000027.80,3954.6581,N,11622.0650,E,1,08,1.0,59.8,M,0.0,M,,*68
$GPRMC,000027.90,A,3954.6597,N,11622.0650,E,58.25,358.78,010170,,*00
$GPGGA,000027.90,3954.6597,N,11622.0650,E,1,08,1.0,59.8,M,0.0,M,,*6E
$GPRMC,000028.00,A,3954.6613,N,11622.0650,E,58.25,358.78,010170,,*09
$GPGGA,000028.00,3954.6613,N,11622.0650,E,1,08,1.0,59.9,M,0.0,M,,*66
$GPRMC,000028.10,A,3954.6629,N,11622.0649,E,58.25,358.78,010170,,*09
$GPGGA,000028.10,3954.6629,N,11622.0649,E,1,08,1.0,59.9,M,0.0,M,,*66
$GPRMC,000028.20,A,3954.6645,N,11622.0649,E,58.25,358.78,010170,,*00
$GPGGA,000028.20,3954.6645,N,11622.0649,E,1,08,1.0,60.0,M,0.0,M,,*6C
$GPRMC,000028.30,A,3954.6661,N,11622.0648,E,58.25,358.78,010170,,*06
$GPGGA,000028.30,3954.6661,N,11622.0648,E,1,08,1.0,60.1,M,0.0,M,,*6B
$GPRMC,000028.40,A,3954.6678,N,11622.0648,E,58.25,358.78,010170,,*09
$GPGGA,000028.40,3954.6678,N,11622.0648,E,1,08,1.0,60.1,M,0.0,M,,*64
$GPRMC,000028.50,A,3954.6694,N,11622.0647,E,58.25,358.78,010170,,*05
$GPGGA,000028.50,3954.6694,N,11622.0647,E,1,08,1.0,60.2,M,0.0,M,,*6B
$GPRMC,000028.60,A,3954.6710,N,11622.0647,E,58.25,358.78,010170,,*0B
$GPGGA,000028.60,3954.6710,N,11622.0647,E,1,08,1.0,60.2,M,0.0,M,,*65
$GPRMC,000028.70,A,3954.6726,N,11622.0646,E,58.25,358.78,010170,,*0E
$GPGGA,000028.70,3954.6726,N,11622.0646,E,1,08,1.0,60.3,M,0.0,M,,*61
$GPRMC,000028.80,A,3954.6742,N,11622.0646,E,58.25,358.78,010170,,*03
$GPGGA,000028.80,3954.6742,N,11622.0646,E,1,08,1.0,60.3,M,0.0,M,,*6C
$GPRMC,000028.90,A,3954.6758,N,11622.0646,E,58.25,358.78,010170,,*09
$GPGGA,000028.90,3954.6758,N,11622.0646,E,1,08,1.0,60.4,M,0.0,M,,*61
$GPRMC,000029.00,A,3954.6775,N,11622.0645,E,58.25,358.78,010170,,*0D
$GPGGA,000029.00,3954.6775,N,11622.0645,E,1,08,1.0,60.5,M,0.0,M,,*64
$GPRMC,000029.10,A,3954.6791,N,11622.0645,E,58.25,358.78,010170,,*06
$GPGGA,000029.10,3954.6791,N,11622.0645,E,1,08,1.0,60.5,M,0.0,M,,*6F
$GPRMC,000029.20,A,3954.6807,N,11622.0644,E,58.25,358.71,010170,,*0D
$GPGGA,000029.20,3954.6807,N,11622.0644,E,1,08,1.0,60.6,M,0.0,M,,*6E
$GPRMC,000029.30,A,3954.6823,N,11622.0644,E,58.25,358.58,010170,,*01
$GPGGA,000029.30,3954.6823,N,11622.0644,E,1,08,1.0,60.6,M,0.0,M,,*69
$GPRMC,000029.40,A,3954.6839,N,11622.0643,E,58.25,358.52,010170,,*00
$GPGGA,000029.40,3954.6839,N,11622.0643,E,1,08,1.0,60.7,M,0.0,M,,*63
$GPRMC,000029.50,A,3954.6855,N,11622.0643,E,58.25,358.52,010170,,*0B
$GPGGA,000029.50,3954.6855,N,11622.0643,E,1,08,1.0,60.7,M,0.0,M,,*68
$GPRMC,000029.60,A,3954.6872,N,11622.0642,E,58.25,358.52,010170,,*0C
$GPGGA,000029.60,3954.6872,N,11622.0642,E,1,08,1.0,60.8,M,0.0,M,,*60
$GPRMC,000029.70,A,3954.6888,N,11622.0642,E,58.25,358.52,010170,,*08
$GPGGA,000029.70,3954.6888,N,11622.0642,E,1,08,1.0,60.8,M,0.0,M,,*64
$GPRMC,000029.80,A,3954.6904,N,11622.0641,E,58.25,358.52,010170,,*01
$GPGGA,000029.80,3954.6904,N,11622.0641,E,1,08,1.0,60.8,M,0.0,M,,*6D
$GPRMC,000029.90,A,3954.6920,N,11622.0640,E,58.25,358.52,010170,,*07
$GPGGA,000029.90,3954.6920,N,11622.0640,E,1,08,1.0,60.9,M,0.0,M,,*6A
$GPRMC,000030.00,A,3954.6936,N,11622.0640,E,58.25,358.52,010170,,*01
$GPGGA,000030.00,3954.6936,N,11622.0640,E,1,08,1.0,60.9,M,0.0,M,,*6C
$GPRMC,000030.10,A,3954.6952,N,11622.0639,E,58.25,358.52,010170,,*0C
$GPGGA,000030.10,3954.6952,N,11622.0639,E,1,08,1.0,61.0,M,0.0,M,,*69
$GPRMC,000030.20,A,3954.6969,N,11622.0639,E,58.25,358.52,010170,,*07
$GPGGA,000030.20,3954.6969,N,11622.0639,E,1,08,1.0,61.0,M,0.0,M,,*62
$GPRMC,000030.30,A,3954.6985,N,11622.0638,E,58.25,358.52,010170,,*05
$GPGGA,000030.30,3954.6985,N,11622.0638,E,1,08,1.0,61.1,M,0.0,M,,*61
$GPRMC,000030.40,A,3954.7001,N,11622.0638,E,58.25,358.52,010170,,*06
$GPGGA,000030.40,3954.7001,N,11622.0638,E,1,08,1.0,61.1,M,0.0,M,,*62
$GPRMC,000030.50,A,3954.7017,N,11622.0637,E,58.25,358.52,010170,,*0F
$GPGGA,000030.50,3954.7017,N,11622.0637,E,1,08,1.0,61.2,M,0.0,M,,*68
$GPRMC,000030.60,A,3954.7033,N,11622.0637,E,57.90,358.52,010170,,*0B
$GPGGA,000030.60,3954.7033,N,11622.0637,E,1,08,1.0,61.2,M,0.0,M,,*6D
$GPRMC,000030.70,A,3954.7049,N,11622.0636,E,57.19,358.52,010170,,*07
$GPGGA,000030.70,3954.7049,N,11622.0636,E,1,08,1.0,61.2,M,0.0,M,,*60
$GPRMC,000030.80,A,3954.7065,N,11622.0636,E,56.48,358.52,010170,,*03
$GPGGA,000030.80,3954.7065,N,11622.0636,E,1,08,1.0,61.3,M,0.0,M,,*60
$GPRMC,000030.90,A,3954.7081,N,11622.0635,E,55.78,358.52,010170,,*0B
$GPGGA,000030.90,3954.7081,N,11622.0635,E,1,08,1.0,61.3,M,0.0,M,,*68
$GPRMC,000031.00,A,3954.7096,N,11622.0635,E,55.07,358.52,010170,,*0D
$GPGGA,000031.00,3954.7096,N,11622.0635,E,1,08,1.0,61.4,M,0.0,M,,*61
$GPRMC,000031.10,A,3954.7111,N,11622.0634,E,54.36,358.52,010170,,*00
$GPGGA,000031.10,3954.7111,N,11622.0634,E,1,08,1.0,61.4,M,0.0,M,,*6F
$GPRMC,000031.20,A,3954.7126,N,11622.0634,E,53.66,358.52,010170,,*05
$GPGGA,000031.20,3954.7126,N,11622.0634,E,1,08,1.0,61.4,M,0.0,M,,*68
$GPRMC,000031.30,A,3954.7141,N,11622.0633,E,52.95,358.52,010170,,*0F
$GPGGA,000031.30,3954.7141,N,11622.0633,E,1,08,1.0,61.5,M,0.0,M,,*6E
$GPRMC,000031.40,A,3954.7156,N,11622.0633,E,52.24,358.52,010170,,*04
$GPGGA,000031.40,3954.7156,N,11622.0633,E,1,08,1.0,61.5,M,0.0,M,,*6F
$GPRMC,000031.50,A,3954.7170,N,11622.0632,E,51.54,358.52,010170,,*04
$GPGGA,000031.50,3954.7170,N,11622.0632,E,1,08,1.0,61.6,M,0.0,M,,*68
$GPRMC,000031.60,A,3954.7184,N,11622.0632,E,50.83,358.52,010170,,*07
$GPGGA,000031.60,3954.7184,N,11622.0632,E,1,08,1.0,61.6,M,0.0,M,,*60
$GPRMC,000031.70,A,3954.7198,N,11622.0631,E,50.12,358.52,010170,,*00
$GPGGA,000031.70,3954.7198,N,11622.0631,E,1,08,1.0,61.6,M,0.0,M,,*6F
$GPRMC,000031.80,A,3954.7212,N,11622.0631,E,49.42,358.52,010170,,*03
$GPGGA,000031.80,3954.7212,N,11622.0631,E,1,08,1.0,61.7,M,0.0,M,,*60
$GPRMC,000031.90,A,3954.7226,N,11622.0630,E,48.71,358.52,010170,,*05
$GPGGA,000031.90,3954.7226,N,11622.0630,E,1,08,1.0,61.7,M,0.0,M,,*67
$GPRMC,000032.00,A,3954.7239,N,11622.0630,E,48.00,358.52,010170,,*07
$GPGGA,000032.00,3954.7239,N,11622.0630,E,1,08,1.0,61.8,M,0.0,M,,*6C
$GPRMC,000032.10,A,3954.7252,N,11622.0629,E,47.30,358.52,010170,,*0F
$GPGGA,000032.10,3954.7252,N,11622.0629,E,1,08,1.0,61.8,M,0.0,M,,*68
$GPRMC,000032.20,A,3954.7265,N,11622.0629,E,46.59,358.52,010170,,*06
$GPGGA,000032.20,3954.7265,N,11622.0629,E,1,08,1.0,61.8,M,0.0,M,,*6F
$GPRMC,000032.30,A,3954.7278,N,11622.0628,E,45.88,358.52,010170,,*05
$GPGGA,000032.30,3954.7278,N,11622.0628,E,1,08,1.0,61.9,M,0.0,M,,*62
$GPRMC,000032.40,A,3954.7291,N,11622.0628,E,45.17,358.52,010170,,*03
$GPGGA,000032.40,3954.7291,N,11622.0628,E,1,08,1.0,61.9,M,0.0,M,,*62
$GPRMC,000032.50,A,3954.7303,N,11622.0628,E,44.47,358.52,010170,,*0C
$GPGGA,000032.50,3954.7303,N,11622.0628,E,1,08,1.0,61.9,M,0.0,M,,*69
$GPRMC,000032.60,A,3954.7315,N,11622.0627,E,43.76,358.52,010170,,*02
$GPGGA,000032.60,3954.7315,N,11622.0627,E,1,08,1.0,62.0,M,0.0,M,,*68
$GPRMC,000032.70,A,3954.7327,N,11622.0627,E,43.05,358.52,010170,,*06
$GPGGA,000032.70,3954.7327,N,11622.0627,E,1,08,1.0,62.0,M,0.0,M,,*68
$GPRMC,000032.80,A,3954.7339,N,11622.0626,E,42.35,358.52,010170,,*05
$GPGGA,000032.80,3954.7339,N,11622.0626,E,1,08,1.0,62.0,M,0.0,M,,*69
$GPRMC,000032.90,A,3954.7351,N,11622.0626,E,41.64,358.52,010170,,*0D
$GPGGA,000032.90,3954.7351,N,11622.0626,E,1,08,1.0,62.1,M,0.0,M,,*67
$GPRMC,000033.00,A,3954.7362,N,11622.0626,E,40.93,358.52,010170,,*0C
$GPGGA,000033.00,3954.7362,N,11622.0626,E,1,08,1.0,62.1,M,0.0,M,,*6F
$GPRMC,000033.10,A,3954.7374,N,11622.0625,E,40.23,358.52,010170,,*02
$GPGGA,000033.10,3954.7374,N,11622.0625,E,1,08,1.0,62.1,M,0.0,M,,*6A
$GPRMC,000033.20,A,3954.7385,N,11622.0625,E,39.52,358.52,010170,,*07
$GPGGA,000033.20,3954.7385,N,11622.0625,E,1,08,1.0,62.1,M,0.0,M,,*67
$GPRMC,000033.30,A,3954.7396,N,11622.0624,E,38.81,358.58,010170,,*00
$GPGGA,000033.30,3954.7396,N,11622.0624,E,1,08,1.0,62.2,M,0.0,M,,*66
$GPRMC,000033.40,A,3954.7406,N,11622.0624,E,38.11,358.84,010170,,*01
$GPGGA,000033.40,3954.7406,N,11622.0624,E,1,08,1.0,62.2,M,0.0,M,,*6F
$GPRMC,000033.50,A,3954.7417,N,11622.0624,E,37.40,359.05,010170,,*03
$GPGGA,000033.50,3954.7417,N,11622.0624,E,1,08,1.0,62.2,M,0.0,M,,*6E
$GPRMC,000033.60,A,3954.7427,N,11622.0624,E,36.69,359.05,010170,,*09
$GPGGA,000033.60,3954.7427,N,11622.0624,E,1,08,1.0,62.2,M,0.0,M,,*6E
$GPRMC,000033.70,A,3954.7437,N,11622.0623,E,35.99,359.05,010170,,*02
$GPGGA,000033.70,3954.7437,N,11622.0623,E,1,08,1.0,62.2,M,0.0,M,,*69
$GPRMC,000033.80,A,3954.7447,N,11622.0623,E,35.58,359.05,010170,,*07
$GPGGA,000033.80,3954.7447,N,11622.0623,E,1,08,1.0,62.2,M,0.0,M,,*61
$GPRMC,000033.90,A,3954.7457,N,11622.0623,E,35.53,358.98,010170,,*09
$GPGGA,000033.90,3954.7457,N,11622.0623,E,1,08,1.0,62.2,M,0.0,M,,*61
$GPRMC,000034.00,A,3954.7467,N,11622.0623,E,35.53,358.87,010170,,*0A
$GPGGA,000034.00,3954.7467,N,11622.0623,E,1,08,1.0,62.2,M,0.0,M,,*6C
$GPRMC,000034.10,A,3954.7477,N,11622.0623,E,35.53,358.84,010170,,*09
$GPGGA,000034.10,3954.7477,N,11622.0623,E,1,08,1.0,62.2,M,0.0,M,,*6C
$GPRMC,000034.20,A,3954.7486,N,11622.0622,E,35.53,358.84,010170,,*05
$GPGGA,000034.20,3954.7486,N,11622.0622,E,1,08,1.0,62.2,M,0.0,M,,*60
$GPRMC,000034.30,A,3954.7496,N,11622.0622,E,35.53,358.84,010170,,*05
$GPGGA,000034.30,3954.7496,N,11622.0622,E,1,08,1.0,62.1,M,0.0,M,,*63
$GPRMC,000034.40,A,3954.7506,N,11622.0622,E,35.53,358.84,010170,,*0A
$GPGGA,000034.40,3954.7506,N,11622.0622,E,1,08,1.0,62.1,M,0.0,M,,*6C
$GPRMC,000034.50,A,3954.7516,N,11622.0622,E,35.53,358.84,010170,,*0A
$GPGGA,000034.50,3954.7516,N,11622.0622,E,1,08,1.0,62.1,M,0.0,M,,*6C
$GPRMC,000034.60,A,3954.7526,N,11622.0621,E,35.53,358.84,010170,,*09
$GPGGA,000034.60,3954.7526,N,11622.0621,E,1,08,1.0,62.1,M,0.0,M,,*6F
$GPRMC,000034.70,A,3954.7536,N,11622.0621,E,35.53,358.84,010170,,*09
$GPGGA,000034.70,3954.7536,N,11622.0621,E,1,08,1.0,62.1,M,0.0,M,,*6F
$GPRMC,000034.80,A,3954.7546,N,11622.0621,E,35.53,358.84,010170,,*01
$GPGGA,000034.80,3954.7546,N,11622.0621,E,1,08,1.0,62.0,M,0.0,M,,*66
$GPRMC,000034.90,A,3954.7555,N,11622.0620,E,35.53,358.84,010170,,*03
$GPGGA,000034.90,3954.7555,N,11622.0620,E,1,08,1.0,62.0,M,0.0,M,,*64
$GPRMC,000035.00,A,3954.7565,N,11622.0620,E,35.53,358.84,010170,,*08
$GPGGA,000035.00,3954.7565,N,11622.0620,E,1,08,1.0,62.0,M,0.0,M,,*6F
$GPRMC,000035.10,A,3954.7575,N,11622.0620,E,35.53,358.84,010170,,*08
$GPGGA,000035.10,3954.7575,N,11622.0620,E,1,08,1.0,62.0,M,0.0,M,,*6F
$GPRMC,000035.20,A,3954.7585,N,11622.0620,E,35.53,358.84,010170,,*04
$GPGGA,000035.20,3954.7585,N,11622.0620,E,1,08,1.0,62.0,M,0.0,M,,*63
$GPRMC,000035.30,A,3954.7595,N,11622.0619,E,35.53,358.84,010170,,*0E
$GPGGA,000035.30,3954.7595,N,11622.0619,E,1,08,1.0,62.0,M,0.0,M,,*69
$GPRMC,000035.40,A,3954.7605,N,11622.0619,E,35.53,358.84,010170,,*03
$GPGGA,000035.40,3954.7605,N,11622.0619,E,1,08,1.0,61.9,M,0.0,M,,*6E
$GPRMC,000035.50,A,3954.7615,N,11622.0619,E,35.53,358.84,010170,,*03
$GPGGA,000035.50,3954.7615,N,11622.0619,E,1,08,1.0,61.9,M,0.0,M,,*6E
$GPRMC,000035.60,A,3954.7625,N,11622.0619,E,35.53,358.84,010170,,*03
$GPGGA,000035.60,3954.7625,N,11622.0619,E,1,08,1.0,61.9,M,0.0,M,,*6E
$GPRMC,000035.70,A,3954.7634,N,11622.0618,E,35.53,358.84,010170,,*03
$GPGGA,000035.70,3954.7634,N,11622.0618,E,1,08,1.0,61.9,M,0.0,M,,*6E
$GPRMC,000035.80,A,3954.7644,N,11622.0618,E,35.53,358.84,010170,,*0B
$GPGGA,000035.80,3954.7644,N,11622.0618,E,1,08,1.0,61.9,M,0.0,M,,*66
$GPRMC,000035.90,A,3954.7654,N,11622.0618,E,35.53,358.84,010170,,*0B
$GPGGA,000035.90,3954.7654,N,11622.0618,E,1,08,1.0,61.9,M,0.0,M,,*66
$GPRMC,000036.00,A,3954.7664,N,11622.0618,E,35.53,358.84,010170,,*02
$GPGGA,000036.00,3954.7664,N,11622.0618,E,1,08,1.0,61.8,M,0.0,M,,*6E
$GPRMC,000036.10,A,3954.7674,N,11622.0617,E,35.53,358.84,010170,,*0D
$GPGGA,000036.10,3954.7674,N,11622.0617,E,1,08,1.0,61.8,M,0.0,M,,*61
$GPRMC,000036.20,A,3954.7684,N,11622.0617,E,35.53,358.84,010170,,*01
$GPGGA,000036.20,3954.7684,N,11622.0617,E,1,08,1.0,61.8,M,0.0,M,,*6D
$GPRMC,000036.30,A,3954.7694,N,11622.0617,E,35.53,358.84,010170,,*01
$GPGGA,000036.30,3954.7694,N,11622.0617,E,1,08,1.0,61.8,M,0.0,M,,*6D
$GPRMC,000036.40,A,3954.7703,N,11622.0617,E,35.53,358.84,010170,,*09
$GPGGA,000036.40,3954.7703,N,11622.0617,E,1,08,1.0,61.8,M,0.0,M,,*65
$GPRMC,000036.50,A,3954.7713,N,11622.0616,E,35.53,358.84,010170,,*08
$GPGGA,000036.50,3954.7713,N,11622.0616,E,1,08,1.0,61.8,M,0.0,M,,*64
$GPRMC,000036.60,A,3954.7723,N,11622.0616,E,35.18,358.84,010170,,*07
$GPGGA,000036.60,3954.7723,N,11622.0616,E,1,08,1.0,61.7,M,0.0,M,,*6B
$GPRMC,000036.70,A,3954.7733,N,11622.0616,E,34.47,358.84,010170,,*0C
$GPGGA,000036.70,3954.7733,N,11622.0616,E,1,08,1.0,61.7,M,0.0,M,,*6B
$GPRMC,000036.80,A,3954.7742,N,11622.0616,E,33.77,358.84,010170,,*01
$GPGGA,000036.80,3954.7742,N,11622.0616,E,1,08,1.0,61.7,M,0.0,M,,*62
$GPRMC,000036.90,A,3954.7752,N,11622.0615,E,33.06,358.84,010170,,*04
$GPGGA,000036.90,3954.7752,N,11622.0615,E,1,08,1.0,61.7,M,0.0,M,,*61
$GPRMC,000037.00,A,3954.7761,N,11622.0615,E,32.35,358.84,010170,,*0D
$GPGGA,000037.00,3954.7761,N,11622.0615,E,1,08,1.0,61.7,M,0.0,M,,*69
$GPRMC,000037.10,A,3954.7769,N,11622.0615,E,31.65,358.84,010170,,*02
$GPGGA,000037.10,3954.7769,N,11622.0615,E,1,08,1.0,61.7,M,0.0,M,,*60
$GPRMC,000037.20,A,3954.7778,N,11622.0615,E,30.94,358.84,010170,,*0E
$GPGGA,000037.20,3954.7778,N,11622.0615,E,1,08,1.0,61.6,M,0.0,M,,*62
$GPRMC,000037.30,A,3954.7787,N,11622.0614,E,30.23,358.84,010170,,*02
$GPGGA,000037.30,3954.7787,N,11622.0614,E,1,08,1.0,61.6,M,0.0,M,,*62
$GPRMC,000037.40,A,3954.7795,N,11622.0614,E,29.53,358.84,010170,,*09
$GPGGA,000037.40,3954.7795,N,11622.0614,E,1,08,1.0,61.6,M,0.0,M,,*66
$GPRMC,000037.50,A,3954.7803,N,11622.0614,E,28.82,358.84,010170,,*05
$GPGGA,000037.50,3954.7803,N,11622.0614,E,1,08,1.0,61.6,M,0.0,M,,*67
$GPRMC,000037.60,A,3954.7811,N,11622.0614,E,28.11,358.84,010170,,*0F
$GPGGA,000037.60,3954.7811,N,11622.0614,E,1,08,1.0,61.6,M,0.0,M,,*67
$GPRMC,000037.70,A,3954.7819,N,11622.0613,E,27.40,358.84,010170,,*0A
$GPGGA,000037.70,3954.7819,N,11622.0613,E,1,08,1.0,61.6,M,0.0,M,,*69
$GPRMC,000037.80,A,3954.7826,N,11622.0613,E,26.70,358.84,010170,,*0B
$GPGGA,000037.80,3954.7826,N,11622.0613,E,1,08,1.0,61.6,M,0.0,M,,*6A
$GPRMC,000037.90,A,3954.7833,N,11622.0613,E,25.99,358.84,010170,,*0A
$GPGGA,000037.90,3954.7833,N,11622.0613,E,1,08,1.0,61.5,M,0.0,M,,*6C
$GPRMC,000038.00,A,3954.7841,N,11622.0613,E,25.28,358.84,010170,,*03
$GPGGA,000038.00,3954.7841,N,11622.0613,E,1,08,1.0,61.5,M,0.0,M,,*6F
$GPRMC,000038.10,A,3954.7848,N,11622.0613,E,24.58,358.84,010170,,*0D
$GPGGA,000038.10,3954.7848,N,11622.0613,E,1,08,1.0,61.5,M,0.0,M,,*67
$GPRMC,000038.20,A,3954.7854,N,11622.0613,E,23.87,358.84,010170,,*06
$GPGGA,000038.20,3954.7854,N,11622.0613,E,1,08,1.0,61.5,M,0.0,M,,*69
$GPRMC,000038.30,A,3954.7861,N,11622.0612,E,23.16,358.84,010170,,*08
$GPGGA,000038.30,3954.7861,N,11622.0612,E,1,08,1.0,61.5,M,0.0,M,,*6F
$GPRMC,000038.40,A,3954.7867,N,11622.0612,E,22.46,358.84,010170,,*0D
$GPGGA,000038.40,3954.7867,N,11622.0612,E,1,08,1.0,61.5,M,0.0,M,,*6E
$GPRMC,000038.50,A,3954.7873,N,11622.0612,E,21.75,358.84,010170,,*0A
$GPGGA,000038.50,3954.7873,N,11622.0612,E,1,08,1.0,61.5,M,0.0,M,,*6A
$GPRMC,000038.60,A,3954.7879,N,11622.0612,E,21.04,358.84,010170,,*05
$GPGGA,000038.60,3954.7879,N,11622.0612,E,1,08,1.0,61.5,M,0.0,M,,*63
$GPRMC,000038.70,A,3954.7885,N,11622.0612,E,20.34,358.84,010170,,*05
$GPGGA,000038.70,3954.7885,N,11622.0612,E,1,08,1.0,61.4,M,0.0,M,,*60
$GPRMC,000038.80,A,3954.7890,N,11622.0612,E,19.63,358.84,010170,,*06
$GPGGA,000038.80,3954.7890,N,11622.0612,E,1,08,1.0,61.4,M,0.0,M,,*6B
$GPRMC,000038.90,A,3954.7896,N,11622.0611,E,18.92,358.84,010170,,*0D
$GPGGA,000038.90,3954.7896,N,11622.0611,E,1,08,1.0,61.4,M,0.0,M,,*6F
$GPRMC,000039.00,A,3954.7901,N,11622.0611,E,18.57,358.84,010170,,*03
$GPGGA,000039.00,3954.7901,N,11622.0611,E,1,08,1.0,61.4,M,0.0,M,,*68
$GPRMC,000039.10,A,3954.7906,N,11622.0611,E,18.21,358.84,010170,,*04
$GPGGA,000039.10,3954.7906,N,11622.0611,E,1,08,1.0,61.4,M,0.0,M,,*6E
$GPRMC,000039.20,A,3954.7911,N,11622.0611,E,17.36,353.92,010170,,*04
$GPGGA,000039.20,3954.7911,N,11622.0611,E,1,08,1.0,61.4,M,0.0,M,,*6B
$GPRMC,000039.30,A,3954.7916,N,11622.0610,E,16.70,345.90,010170,,*05
$GPGGA,000039.30,3954.7916,N,11622.0610,E,1,08,1.0,61.4,M,0.0,M,,*6C
$GPRMC,000039.40,A,3954.7920,N,11622.0608,E,16.09,342.94,010170,,*03
$GPGGA,000039.40,3954.7920,N,11622.0608,E,1,08,1.0,61.4,M,0.0,M,,*67
$GPRMC,000039.50,A,3954.7924,N,11622.0606,E,15.38,342.94,010170,,*09
$GPGGA,000039.50,3954.7924,N,11622.0606,E,1,08,1.0,61.4,M,0.0,M,,*6C
$GPRMC,000039.60,A,3954.7928,N,11622.0605,E,14.68,342.94,010170,,*01
$GPGGA,000039.60,3954.7928,N,11622.0605,E,1,08,1.0,61.4,M,0.0,M,,*60
$GPRMC,000039.70,A,3954.7932,N,11622.0603,E,13.97,342.94,010170,,*0A
$GPGGA,000039.70,3954.7932,N,11622.0603,E,1,08,1.0,61.4,M,0.0,M,,*6C
$GPRMC,000039.80,A,3954.7936,N,11622.0602,E,13.26,342.94,010170,,*0A
$GPGGA,000039.80,3954.7936,N,11622.0602,E,1,08,1.0,61.4,M,0.0,M,,*66
$GPRMC,000039.90,A,3954.7939,N,11622.0601,E,12.55,342.94,010170,,*02
$GPGGA,000039.90,3954.7939,N,11622.0601,E,1,08,1.0,61.4,M,0.0,M,,*6B
$GPRMC,000040.00,A,3954.7942,N,11622.0599,E,11.85,342.94,010170,,*05
$GPGGA,000040.00,3954.7942,N,11622.0599,E,1,08,1.0,61.4,M,0.0,M,,*62
$GPRMC,000040.10,A,3954.7945,N,11622.0598,E,11.14,342.94,010170,,*0A
$GPGGA,000040.10,3954.7945,N,11622.0598,E,1,08,1.0,61.4,M,0.0,M,,*65
$GPRMC,000040.20,A,3954.7948,N,11622.0597,E,10.61,342.94,010170,,*08
$GPGGA,000040.20,3954.7948,N,11622.0597,E,1,08,1.0,61.4,M,0.0,M,,*64
$GPRMC,000040.30,A,3954.7951,N,11622.0596,E,10.42,343.65,010170,,*0E
$GPGGA,000040.30,3954.7951,N,11622.0596,E,1,08,1.0,61.4,M,0.0,M,,*6C
$GPRMC,000040.40,A,3954.7954,N,11622.0595,E,10.42,346.35,010170,,*0F
$GPGGA,000040.40,3954.7954,N,11622.0595,E,1,08,1.0,61.4,M,0.0,M,,*6D
$GPRMC,000040.50,A,3954.7957,N,11622.0594,E,10.43,348.35,010170,,*03
$GPGGA,000040.50,3954.7957,N,11622.0594,E,1,08,1.0,61.4,M,0.0,M,,*6E
$GPRMC,000040.60,A,3954.7959,N,11622.0593,E,10.38,352.70,010170,,*0F
$GPGGA,000040.60,3954.7959,N,11622.0593,E,1,08,1.0,61.4,M,0.0,M,,*64
$GPRMC,000040.70,A,3954.7962,N,11622.0593,E,10.41,358.11,010170,,*05
$GPGGA,000040.70,3954.7962,N,11622.0593,E,1,08,1.0,61.3,M,0.0,M,,*6A
$GPRMC,000040.80,A,3954.7965,N,11622.0593,E,10.40,1.04,010170,,*07
$GPGGA,000040.80,3954.7965,N,11622.0593,E,1,08,1.0,61.3,M,0.0,M,,*62
$GPRMC,000040.90,A,3954.7968,N,11622.0593,E,10.39,6.46,010170,,*04
$GPGGA,000040.90,3954.7968,N,11622.0593,E,1,08,1.0,61.3,M,0.0,M,,*6E
$GPRMC,000041.00,A,3954.7971,N,11622.0594,E,10.43,9.98,010170,,*02
$GPGGA,000041.00,3954.7971,N,11622.0594,E,1,08,1.0,61.3,M,0.0,M,,*69
$GPRMC,000041.10,A,3954.7974,N,11622.0594,E,10.38,14.79,010170,,*39
$GPGGA,000041.10,3954.7974,N,11622.0594,E,1,08,1.0,61.3,M,0.0,M,,*6D
$GPRMC,000041.20,A,3954.7977,N,11622.0596,E,10.42,20.21,010170,,*3C
$GPGGA,000041.20,3954.7977,N,11622.0596,E,1,08,1.0,61.3,M,0.0,M,,*6F
$GPRMC,000041.30,A,3954.7979,N,11622.0597,E,10.40,23.13,010170,,*32
$GPGGA,000041.30,3954.7979,N,11622.0597,E,1,08,1.0,61.3,M,0.0,M,,*61
$GPRMC,000041.40,A,3954.7982,N,11622.0599,E,10.39,28.55,010170,,*38
$GPGGA,000041.40,3954.7982,N,11622.0599,E,1,08,1.0,61.3,M,0.0,M,,*6C
$GPRMC,000041.50,A,3954.7984,N,11622.0601,E,10.43,31.61,010170,,*3F
$GPGGA,000041.50,3954.7984,N,11622.0601,E,1,08,1.0,61.3,M,0.0,M,,*69
$GPRMC,000041.60,A,3954.7987,N,11622.0603,E,10.38,36.89,010170,,*30
$GPGGA,000041.60,3954.7987,N,11622.0603,E,1,08,1.0,61.3,M,0.0,M,,*6B
$GPRMC,000041.70,A,3954.7989,N,11622.0605,E,10.42,42.30,010170,,*35
$GPGGA,000041.70,3954.7989,N,11622.0605,E,1,08,1.0,61.2,M,0.0,M,,*63
$GPRMC,000041.80,A,3954.7991,N,11622.0608,E,10.57,45.37,010170,,*3A
$GPGGA,000041.80,3954.7991,N,11622.0608,E,1,08,1.0,61.2,M,0.0,M,,*68
$GPRMC,000041.90,A,3954.7993,N,11622.0611,E,10.94,50.78,010170,,*31
$GPGGA,000041.90,3954.7993,N,11622.0611,E,1,08,1.0,61.2,M,0.0,M,,*63
$GPRMC,000042.00,A,3954.7995,N,11622.0614,E,11.32,54.60,010170,,*38
$GPGGA,000042.00,3954.7995,N,11622.0614,E,1,08,1.0,61.2,M,0.0,M,,*6A
$GPRMC,000042.10,A,3954.7997,N,11622.0617,E,11.66,60.06,010170,,*3E
$GPGGA,000042.10,3954.7997,N,11622.0617,E,1,08,1.0,61.2,M,0.0,M,,*6A
$GPRMC,000042.20,A,3954.7998,N,11622.0621,E,12.07,64.68,010170,,*3F
$GPGGA,000042.20,3954.7998,N,11622.0621,E,1,08,1.0,61.2,M,0.0,M,,*63
$GPRMC,000042.30,A,3954.8000,N,11622.0625,E,12.39,70.15,010170,,*3F
$GPGGA,000042.30,3954.8000,N,11622.0625,E,1,08,1.0,61.2,M,0.0,M,,*61
$GPRMC,000042.40,A,3954.8000,N,11622.0630,E,12.80,75.46,010170,,*3D
$GPGGA,000042.40,3954.8000,N,11622.0630,E,1,08,1.0,61.2,M,0.0,M,,*62
$GPRMC,000042.50,A,3954.8001,N,11622.0634,E,13.12,80.93,010170,,*31
$GPGGA,000042.50,3954.8001,N,11622.0634,E,1,08,1.0,61.1,M,0.0,M,,*65
$GPRMC,000042.60,A,3954.8002,N,11622.0639,E,13.54,86.26,010170,,*36
$GPGGA,000042.60,3954.8002,N,11622.0639,E,1,08,1.0,61.1,M,0.0,M,,*68
$GPRMC,000042.70,A,3954.8002,N,11622.0644,E,13.90,88.99,010170,,*3F
$GPGGA,000042.70,3954.8002,N,11622.0644,E,1,08,1.0,61.1,M,0.0,M,,*63
$GPRMC,000042.80,A,3954.8002,N,11622.0649,E,14.28,91.10,010170,,*30
$GPGGA,000042.80,3954.8002,N,11622.0649,E,1,08,1.0,61.1,M,0.0,M,,*61
$GPRMC,000042.90,A,3954.8002,N,11622.0654,E,14.65,91.38,010170,,*3E
$GPGGA,000042.90,3954.8002,N,11622.0654,E,1,08,1.0,61.1,M,0.0,M,,*6C
$GPRMC,000043.00,A,3954.8002,N,11622.0660,E,15.01,91.87,010170,,*36
$GPGGA,000043.00,3954.8002,N,11622.0660,E,1,08,1.0,61.1,M,0.0,M,,*63
$GPRMC,000043.10,A,3954.8001,N,11622.0665,E,15.38,92.08,010170,,*3F
$GPGGA,000043.10,3954.8001,N,11622.0665,E,1,08,1.0,61.1,M,0.0,M,,*64
$GPRMC,000043.20,A,3954.8001,N,11622.0671,E,15.75,92.08,010170,,*30
$GPGGA,000043.20,3954.8001,N,11622.0671,E,1,08,1.0,61.0,M,0.0,M,,*63
$GPRMC,000043.30,A,3954.8001,N,11622.0677,E,16.11,92.08,010170,,*36
$GPGGA,000043.30,3954.8001,N,11622.0677,E,1,08,1.0,61.0,M,0.0,M,,*64
$GPRMC,000043.40,A,3954.8001,N,11622.0682,E,16.48,92.08,010170,,*37
$GPGGA,000043.40,3954.8001,N,11622.0682,E,1,08,1.0,61.0,M,0.0,M,,*69
$GPRMC,000043.50,A,3954.8001,N,11622.0688,E,16.85,92.08,010170,,*3D
$GPGGA,000043.50,3954.8001,N,11622.0688,E,1,08,1.0,61.0,M,0.0,M,,*62
$GPRMC,000043.60,A,3954.8001,N,11622.0695,E,17.22,92.08,010170,,*3E
$GPGGA,000043.60,3954.8001,N,11622.0695,E,1,08,1.0,61.0,M,0.0,M,,*6D
$GPRMC,000043.70,A,3954.8000,N,11622.0701,E,17.58,92.08,010170,,*3F
$GPGGA,000043.70,3954.8000,N,11622.0701,E,1,08,1.0,60.9,M,0.0,M,,*69
$GPRMC,000043.80,A,3954.8000,N,11622.0707,E,17.95,92.08,010170,,*37
$GPGGA,000043.80,3954.8000,N,11622.0707,E,1,08,1.0,60.9,M,0.0,M,,*60
$GPRMC,000043.90,A,3954.8000,N,11622.0714,E,18.32,92.08,010170,,*36
$GPGGA,000043.90,3954.8000,N,11622.0714,E,1,08,1.0,60.9,M,0.0,M,,*63
$GPRMC,000044.00,A,3954.8000,N,11622.0721,E,18.68,92.08,010170,,*31
$GPGGA,000044.00,3954.8000,N,11622.0721,E,1,08,1.0,60.9,M,0.0,M,,*6B
$GPRMC,000044.10,A,3954.8000,N,11622.0727,E,19.05,92.08,010170,,*3C
$GPGGA,000044.10,3954.8000,N,11622.0727,E,1,08,1.0,60.8,M,0.0,M,,*6D
$GPRMC,000044.20,A,3954.7999,N,11622.0734,E,19.42,92.08,010170,,*38
$GPGGA,000044.20,3954.7999,N,11622.0734,E,1,08,1.0,60.8,M,0.0,M,,*6A
$GPRMC,000044.30,A,3954.7999,N,11622.0741,E,19.78,92.08,010170,,*32
$GPGGA,000044.30,3954.7999,N,11622.0741,E,1,08,1.0,60.8,M,0.0,M,,*69
$GPRMC,000044.40,A,3954.7999,N,11622.0749,E,20.15,92.08,010170,,*3C
$GPGGA,000044.40,3954.7999,N,11622.0749,E,1,08,1.0,60.7,M,0.0,M,,*69
$GPRMC,000044.50,A,3954.7999,N,11622.0756,E,20.52,92.08,010170,,*30
$GPGGA,000044.50,3954.7999,N,11622.0756,E,1,08,1.0,60.7,M,0.0,M,,*66
$GPRMC,000044.60,A,3954.7999,N,11622.0763,E,20.89,92.08,010170,,*33
$GPGGA,000044.60,3954.7999,N,11622.0763,E,1,08,1.0,60.7,M,0.0,M,,*63
$GPRMC,000044.70,A,3954.7998,N,11622.0771,E,21.25,92.08,010170,,*37
$GPGGA,000044.70,3954.7998,N,11622.0771,E,1,08,1.0,60.7,M,0.0,M,,*60
$GPRMC,000044.80,A,3954.7998,N,11622.0779,E,21.62,92.08,010170,,*33
$GPGGA,000044.80,3954.7998,N,11622.0779,E,1,08,1.0,60.6,M,0.0,M,,*66
$GPRMC,000044.90,A,3954.7998,N,11622.0787,E,21.99,92.08,010170,,*37
$GPGGA,000044.90,3954.7998,N,11622.0787,E,1,08,1.0,60.6,M,0.0,M,,*66
$GPRMC,000045.00,A,3954.7998,N,11622.0795,E,22.35,92.08,010170,,*39
$GPGGA,000045.00,3954.7998,N,11622.0795,E,1,08,1.0,60.6,M,0.0,M,,*6D
$GPRMC,000045.10,A,3954.7998,N,11622.0803,E,22.72,92.08,010170,,*3B
$GPGGA,000045.10,3954.7998,N,11622.0803,E,1,08,1.0,60.5,M,0.0,M,,*6F
$GPRMC,000045.20,A,3954.7997,N,11622.0811,E,23.09,92.08,010170,,*39
$GPGGA,000045.20,3954.7997,N,11622.0811,E,1,08,1.0,60.5,M,0.0,M,,*60
$GPRMC,000045.30,A,3954.7997,N,11622.0820,E,23.45,92.08,010170,,*32
$GPGGA,000045.30,3954.7997,N,11622.0820,E,1,08,1.0,60.5,M,0.0,M,,*63
$GPRMC,000045.40,A,3954.7997,N,11622.0828,E,23.82,92.08,010170,,*36
$GPGGA,000045.40,3954.7997,N,11622.0828,E,1,08,1.0,60.4,M,0.0,M,,*6D
$GPRMC,000045.50,A,3954.7997,N,11622.0837,E,24.19,92.08,010170,,*3C
$GPGGA,000045.50,3954.7997,N,11622.0837,E,1,08,1.0,60.4,M,0.0,M,,*62
$GPRMC,000045.60,A,3954.7996,N,11622.0846,E,24.56,92.08,010170,,*33
$GPGGA,000045.60,3954.7996,N,11622.0846,E,1,08,1.0,60.4,M,0.0,M,,*66
$GPRMC,000045.70,A,3954.7996,N,11622.0855,E,24.92,92.08,010170,,*38
$GPGGA,000045.70,3954.7996,N,11622.0855,E,1,08,1.0,60.3,M,0.0,M,,*62
$GPRMC,000045.80,A,3954.7996,N,11622.0864,E,25.29,92.08,010170,,*34
$GPGGA,000045.80,3954.7996,N,11622.0864,E,1,08,1.0,60.3,M,0.0,M,,*6F
$GPRMC,000045.90,A,3954.7996,N,11622.0873,E,25.66,92.08,010170,,*38
$GPGGA,000045.90,3954.7996,N,11622.0873,E,1,08,1.0,60.3,M,0.0,M,,*68
$GPRMC,000046.00,A,3954.7995,N,11622.0882,E,26.02,92.08,010170,,*3E
$GPGGA,000046.00,3954.7995,N,11622.0882,E,1,08,1.0,60.2,M,0.0,M,,*6E
$GPRMC,000046.10,A,3954.7995,N,11622.0892,E,26.39,92.08,010170,,*36
$GPGGA,000046.10,3954.7995,N,11622.0892,E,1,08,1.0,60.2,M,0.0,M,,*6E
$GPRMC,000046.20,A,3954.7995,N,11622.0901,E,26.76,92.08,010170,,*35
$GPGGA,000046.20,3954.7995,N,11622.0901,E,1,08,1.0,60.2,M,0.0,M,,*66
$GPRMC,000046.30,A,3954.7994,N,11622.0911,E,27.12,92.08,010170,,*37
$GPGGA,000046.30,3954.7994,N,11622.0911,E,1,08,1.0,60.1,M,0.0,M,,*64
$GPRMC,000046.40,A,3954.7994,N,11622.0921,E,27.49,92.08,010170,,*3D
$GPGGA,000046.40,3954.7994,N,11622.0921,E,1,08,1.0,60.1,M,0.0,M,,*60
$GPRMC,000046.50,A,3954.7994,N,11622.0931,E,27.86,92.08,010170,,*3E
$GPGGA,000046.50,3954.7994,N,11622.0931,E,1,08,1.0,60.0,M,0.0,M,,*61
$GPRMC,000046.60,A,3954.7994,N,11622.0941,E,28.23,92.08,010170,,*3A
$GPGGA,000046.60,3954.7994,N,11622.0941,E,1,08,1.0,60.0,M,0.0,M,,*65
$GPRMC,000046.70,A,3954.7993,N,11622.0951,E,28.59,92.08,010170,,*30
$GPGGA,000046.70,3954.7993,N,11622.0951,E,1,08,1.0,60.0,M,0.0,M,,*62
$GPRMC,000046.80,A,3954.7993,N,11622.0962,E,28.96,92.08,010170,,*3C
$GPGGA,000046.80,3954.7993,N,11622.0962,E,1,08,1.0,59.9,M,0.0,M,,*6E
$GPRMC,000046.90,A,3954.7993,N,11622.0972,E,29.33,92.08,010170,,*32
$GPGGA,000046.90,3954.7993,N,11622.0972,E,1,08,1.0,59.9,M,0.0,M,,*6E
$GPRMC,000047.00,A,3954.7992,N,11622.0983,E,29.69,92.08,010170,,*3A
$GPGGA,000047.00,3954.7992,N,11622.0983,E,1,08,1.0,59.8,M,0.0,M,,*68
$GPRMC,000047.10,A,3954.7992,N,11622.0994,E,30.06,92.08,010170,,*3C
$GPGGA,000047.10,3954.7992,N,11622.0994,E,1,08,1.0,59.8,M,0.0,M,,*6F
$GPRMC,000047.20,A,3954.7992,N,11622.1005,E,30.43,92.08,010170,,*3E
$GPGGA,000047.20,3954.7992,N,11622.1005,E,1,08,1.0,59.8,M,0.0,M,,*6C
$GPRMC,000047.30,A,3954.7992,N,11622.1016,E,30.79,92.08,010170,,*34
$GPGGA,000047.30,3954.7992,N,11622.1016,E,1,08,1.0,59.7,M,0.0,M,,*60
$GPRMC,000047.40,A,3954.7991,N,11622.1027,E,31.16,92.08,010170,,*3A
$GPGGA,000047.40,3954.7991,N,11622.1027,E,1,08,1.0,59.7,M,0.0,M,,*66
$GPRMC,000047.50,A,3954.7991,N,11622.1038,E,31.53,92.08,010170,,*34
$GPGGA,000047.50,3954.7991,N,11622.1038,E,1,08,1.0,59.6,M,0.0,M,,*68
$GPRMC,000047.60,A,3954.7991,N,11622.1050,E,31.89,92.08,010170,,*3E
$GPGGA,000047.60,3954.7991,N,11622.1050,E,1,08,1.0,59.6,M,0.0,M,,*65
$GPRMC,000047.70,A,3954.7990,N,11622.1061,E,32.26,92.08,010170,,*3A
$GPGGA,000047.70,3954.7990,N,11622.1061,E,1,08,1.0,59.5,M,0.0,M,,*64
$GPRMC,000047.80,A,3954.7990,N,11622.1073,E,32.63,92.08,010170,,*37
$GPGGA,000047.80,3954.7990,N,11622.1073,E,1,08,1.0,59.5,M,0.0,M,,*68
$GPRMC,000047.90,A,3954.7990,N,11622.1085,E,33.00,92.08,010170,,*3B
$GPGGA,000047.90,3954.7990,N,11622.1085,E,1,08,1.0,59.4,M,0.0,M,,*61
$GPRMC,000048.00,A,3954.7989,N,11622.1097,E,33.36,92.08,010170,,*33
$GPGGA,000048.00,3954.7989,N,11622.1097,E,1,08,1.0,59.4,M,0.0,M,,*6C
$GPRMC,000048.10,A,3954.7989,N,11622.1109,E,33.73,92.08,010170,,*35
$GPGGA,000048.10,3954.7989,N,11622.1109,E,1,08,1.0,59.4,M,0.0,M,,*6B
$GPRMC,000048.20,A,3954.7989,N,11622.1121,E,34.10,92.08,010170,,*3E
$GPGGA,000048.20,3954.7989,N,11622.1121,E,1,08,1.0,59.3,M,0.0,M,,*65
$GPRMC,000048.30,A,3954.7988,N,11622.1134,E,34.46,92.08,010170,,*39
$GPGGA,000048.30,3954.7988,N,11622.1134,E,1,08,1.0,59.3,M,0.0,M,,*61
$GPRMC,000048.40,A,3954.7988,N,11622.1146,E,34.83,92.08,010170,,*32
$GPGGA,000048.40,3954.7988,N,11622.1146,E,1,08,1.0,59.2,M,0.0,M,,*62
$GPRMC,000048.50,A,3954.7988,N,11622.1159,E,35.20,92.08,010170,,*35
$GPGGA,000048.50,3954.7988,N,11622.1159,E,1,08,1.0,59.2,M,0.0,M,,*6D
$GPRMC,000048.60,A,3954.7987,N,11622.1172,E,35.56,92.08,010170,,*31
$GPGGA,000048.60,3954.7987,N,11622.1172,E,1,08,1.0,59.1,M,0.0,M,,*6B
$GPRMC,000048.70,A,3954.7987,N,11622.1185,E,35.93,92.08,010170,,*31
$GPGGA,000048.70,3954.7987,N,11622.1185,E,1,08,1.0,59.1,M,0.0,M,,*62
$GPRMC,000048.80,A,3954.7986,N,11622.1198,E,36.30,92.08,010170,,*39
$GPGGA,000048.80,3954.7986,N,11622.1198,E,1,08,1.0,59.0,M,0.0,M,,*61
$GPRMC,000048.90,A,3954.7986,N,11622.1211,E,36.67,92.08,010170,,*38
$GPGGA,000048.90,3954.7986,N,11622.1211,E,1,08,1.0,59.0,M,0.0,M,,*62
$GPRMC,000049.00,A,3954.7986,N,11622.1224,E,37.03,92.08,010170,,*35
$GPGGA,000049.00,3954.7986,N,11622.1224,E,1,08,1.0,58.9,M,0.0,M,,*64
$GPRMC,000049.10,A,3954.7985,N,11622.1238,E,37.40,92.08,010170,,*3D
$GPGGA,000049.10,3954.7985,N,11622.1238,E,1,08,1.0,58.9,M,0.0,M,,*6B
$GPRMC,000049.20,A,3954.7985,N,11622.1251,E,37.77,92.08,010170,,*35
$GPGGA,000049.20,3954.7985,N,11622.1251,E,1,08,1.0,58.8,M,0.0,M,,*66
$GPRMC,000049.30,A,3954.7985,N,11622.1265,E,38.13,92.08,010170,,*3E
$GPGGA,000049.30,3954.7985,N,11622.1265,E,1,08,1.0,58.8,M,0.0,M,,*60
$GPRMC,000049.40,A,3954.7984,N,11622.1279,E,38.50,92.08,010170,,*32
$GPGGA,000049.40,3954.7984,N,11622.1279,E,1,08,1.0,58.7,M,0.0,M,,*64
$GPRMC,000049.50,A,3954.7984,N,11622.1293,E,38.87,92.08,010170,,*3D
$GPGGA,000049.50,3954.7984,N,11622.1293,E,1,08,1.0,58.6,M,0.0,M,,*60
$GPRMC,000049.60,A,3954.7983,N,11622.1307,E,39.23,92.08,010170,,*3A
$GPGGA,000049.60,3954.7983,N,11622.1307,E,1,08,1.0,58.6,M,0.0,M,,*68
$GPRMC,000049.70,A,3954.7983,N,11622.1321,E,39.60,92.08,010170,,*38
$GPGGA,000049.70,3954.7983,N,11622.1321,E,1,08,1.0,58.5,M,0.0,M,,*6E
$GPRMC,000049.80,A,3954.7983,N,11622.1336,E,39.97,92.08,010170,,*39
$GPGGA,000049.80,3954.7983,N,11622.1336,E,1,08,1.0,58.5,M,0.0,M,,*67
$GPRMC,000049.90,A,3954.7982,N,11622.1350,E,40.34,92.08,010170,,*3E
$GPGGA,000049.90,3954.7982,N,11622.1350,E,1,08,1.0,58.4,M,0.0,M,,*66
$GPRMC,000050.00,A,3954.7982,N,11622.1365,E,40.70,92.08,010170,,*39
$GPGGA,000050.00,3954.7982,N,11622.1365,E,1,08,1.0,58.4,M,0.0,M,,*61
$GPRMC,000050.10,A,3954.7981,N,11622.1380,E,41.07,92.08,010170,,*31
$GPGGA,000050.10,3954.7981,N,11622.1380,E,1,08,1.0,58.3,M,0.0,M,,*6F
$GPRMC,000050.20,A,3954.7981,N,11622.1395,E,41.44,92.08,010170,,*31
$GPGGA,000050.20,3954.7981,N,11622.1395,E,1,08,1.0,58.3,M,0.0,M,,*68
$GPRMC,000050.30,A,3954.7981,N,11622.1410,E,41.80,92.08,010170,,*32
$GPGGA,000050.30,3954.7981,N,11622.1410,E,1,08,1.0,58.2,M,0.0,M,,*62
$GPRMC,000050.40,A,3954.7980,N,11622.1425,E,42.17,92.08,010170,,*3F
$GPGGA,000050.40,3954.7980,N,11622.1425,E,1,08,1.0,58.1,M,0.0,M,,*61
$GPRMC,000050.50,A,3954.7980,N,11622.1440,E,42.54,92.08,010170,,*3A
$GPGGA,000050.50,3954.7980,N,11622.1440,E,1,08,1.0,58.1,M,0.0,M,,*63
$GPRMC,000050.60,A,3954.7979,N,11622.1456,E,42.90,92.08,010170,,*30
$GPGGA,000050.60,3954.7979,N,11622.1456,E,1,08,1.0,58.0,M,0.0,M,,*60
$GPRMC,000050.70,A,3954.7979,N,11622.1471,E,43.27,92.08,010170,,*39
$GPGGA,000050.70,3954.7979,N,11622.1471,E,1,08,1.0,58.0,M,0.0,M,,*64
$GPRMC,000050.80,A,3954.7978,N,11622.1487,E,43.64,92.08,010170,,*39
$GPGGA,000050.80,3954.7978,N,11622.1487,E,1,08,1.0,57.9,M,0.0,M,,*65
$GPRMC,000050.90,A,3954.7978,N,11622.1503,E,44.01,92.08,010170,,*31
$GPGGA,000050.90,3954.7978,N,11622.1503,E,1,08,1.0,57.8,M,0.0,M,,*68
$GPRMC,000051.00,A,3954.7978,N,11622.1519,E,44.37,92.08,010170,,*37
$GPGGA,000051.00,3954.7978,N,11622.1519,E,1,08,1.0,57.8,M,0.0,M,,*6B
$GPRMC,000051.10,A,3954.7977,N,11622.1535,E,44.73,92.82,010170,,*35
$GPGGA,000051.10,3954.7977,N,11622.1535,E,1,08,1.0,57.7,M,0.0,M,,*64
$GPRMC,000051.20,A,3954.7976,N,11622.1551,E,45.10,93.72,010170,,*3F
$GPGGA,000051.20,3954.7976,N,11622.1551,E,1,08,1.0,57.7,M,0.0,M,,*64
$GPRMC,000051.30,A,3954.7975,N,11622.1567,E,45.47,93.89,010170,,*3E
$GPGGA,000051.30,3954.7975,N,11622.1567,E,1,08,1.0,57.6,M,0.0,M,,*62
$GPRMC,000051.40,A,3954.7975,N,11622.1584,E,45.84,93.89,010170,,*3B
$GPGGA,000051.40,3954.7975,N,11622.1584,E,1,08,1.0,57.5,M,0.0,M,,*6B
$GPRMC,000051.50,A,3954.7974,N,11622.1601,E,46.21,93.89,010170,,*39
$GPGGA,000051.50,3954.7974,N,11622.1601,E,1,08,1.0,57.5,M,0.0,M,,*65
$GPRMC,000051.60,A,3954.7973,N,11622.1617,E,46.57,93.89,010170,,*3B
$GPGGA,000051.60,3954.7973,N,11622.1617,E,1,08,1.0,57.4,M,0.0,M,,*67
$GPRMC,000051.70,A,3954.7972,N,11622.1634,E,46.94,93.89,010170,,*35
$GPGGA,000051.70,3954.7972,N,11622.1634,E,1,08,1.0,57.4,M,0.0,M,,*66
$GPRMC,000051.80,A,3954.7971,N,11622.1651,E,47.31,93.89,010170,,*34
$GPGGA,000051.80,3954.7971,N,11622.1651,E,1,08,1.0,57.3,M,0.0,M,,*6E
$GPRMC,000051.90,A,3954.7970,N,11622.1668,E,47.67,93.89,010170,,*3D
$GPGGA,000051.90,3954.7970,N,11622.1668,E,1,08,1.0,57.3,M,0.0,M,,*64
$GPRMC,000052.00,A,3954.7969,N,11622.1686,E,48.04,93.89,010170,,*35
$GPGGA,000052.00,3954.7969,N,11622.1686,E,1,08,1.0,57.2,M,0.0,M,,*67
$GPRMC,000052.10,A,3954.7968,N,11622.1703,E,48.41,93.89,010170,,*38
$GPGGA,000052.10,3954.7968,N,11622.1703,E,1,08,1.0,57.1,M,0.0,M,,*68
$GPRMC,000052.20,A,3954.7967,N,11622.1721,E,48.78,93.89,010170,,*3E
$GPGGA,000052.20,3954.7967,N,11622.1721,E,1,08,1.0,57.1,M,0.0,M,,*64
$GPRMC,000052.30,A,3954.7967,N,11622.1738,E,49.14,93.86,010170,,*33
$GPGGA,000052.30,3954.7967,N,11622.1738,E,1,08,1.0,57.0,M,0.0,M,,*6C
$GPRMC,000052.40,A,3954.7966,N,11622.1756,E,49.51,93.81,010170,,*3B
$GPGGA,000052.40,3954.7966,N,11622.1756,E,1,08,1.0,56.9,M,0.0,M,,*6A
$GPRMC,000052.50,A,3954.7965,N,11622.1774,E,49.88,93.79,010170,,*3A
$GPGGA,000052.50,3954.7965,N,11622.1774,E,1,08,1.0,56.9,M,0.0,M,,*68
$GPRMC,000052.60,A,3954.7964,N,11622.1792,E,50.24,93.79,010170,,*3E
$GPGGA,000052.60,3954.7964,N,11622.1792,E,1,08,1.0,56.8,M,0.0,M,,*63
$GPRMC,000052.70,A,3954.7963,N,11622.1810,E,50.61,93.79,010170,,*3C
$GPGGA,000052.70,3954.7963,N,11622.1810,E,1,08,1.0,56.7,M,0.0,M,,*6F
$GPRMC,000052.80,A,3954.7962,N,11622.1829,E,50.98,93.79,010170,,*3E
$GPGGA,000052.80,3954.7962,N,11622.1829,E,1,08,1.0,56.6,M,0.0,M,,*6A
$GPRMC,000052.90,A,3954.7961,N,11622.1847,E,51.34,93.79,010170,,*33
$GPGGA,000052.90,3954.7961,N,11622.1847,E,1,08,1.0,56.5,M,0.0,M,,*63
$GPRMC,000053.00,A,3954.7960,N,11622.1866,E,51.71,93.79,010170,,*38
$GPGGA,000053.00,3954.7960,N,11622.1866,E,1,08,1.0,56.4,M,0.0,M,,*68
$GPRMC,000053.10,A,3954.7959,N,11622.1884,E,52.08,93.79,010170,,*32
$GPGGA,000053.10,3954.7959,N,11622.1884,E,1,08,1.0,56.4,M,0.0,M,,*6F
$GPRMC,000053.20,A,3954.7958,N,11622.1903,E,52.45,93.79,010170,,*37
$GPGGA,000053.20,3954.7958,N,11622.1903,E,1,08,1.0,56.3,M,0.0,M,,*64
$GPRMC,000053.30,A,3954.7957,N,11622.1922,E,52.81,93.79,010170,,*32
$GPGGA,000053.30,3954.7957,N,11622.1922,E,1,08,1.0,56.2,M,0.0,M,,*68
$GPRMC,000053.40,A,3954.7956,N,11622.1941,E,53.18,93.79,010170,,*30
$GPGGA,000053.40,3954.7956,N,11622.1941,E,1,08,1.0,56.1,M,0.0,M,,*68
$GPRMC,000053.50,A,3954.7955,N,11622.1961,E,53.55,93.79,010170,,*39
$GPGGA,000053.50,3954.7955,N,11622.1961,E,1,08,1.0,56.0,M,0.0,M,,*69
$GPRMC,000053.60,A,3954.7954,N,11622.1980,E,53.91,93.79,010170,,*3C
$GPGGA,000053.60,3954.7954,N,11622.1980,E,1,08,1.0,55.9,M,0.0,M,,*6E
$GPRMC,000053.70,A,3954.7953,N,11622.2000,E,54.28,93.79,010170,,*3D
$GPGGA,000053.70,3954.7953,N,11622.2000,E,1,08,1.0,55.8,M,0.0,M,,*6B
$GPRMC,000053.80,A,3954.7952,N,11622.2019,E,54.65,93.79,010170,,*32
$GPGGA,000053.80,3954.7952,N,11622.2019,E,1,08,1.0,55.7,M,0.0,M,,*62
$GPRMC,000053.90,A,3954.7951,N,11622.2039,E,55.01,93.79,010170,,*31
$GPGGA,000053.90,3954.7951,N,11622.2039,E,1,08,1.0,55.6,M,0.0,M,,*63
$GPRMC,000054.00,A,3954.7950,N,11622.2059,E,55.38,93.79,010170,,*32
$GPGGA,000054.00,3954.7950,N,11622.2059,E,1,08,1.0,55.6,M,0.0,M,,*6A
$GPRMC,000054.10,A,3954.7949,N,11622.2079,E,55.75,93.79,010170,,*30
$GPGGA,000054.10,3954.7949,N,11622.2079,E,1,08,1.0,55.5,M,0.0,M,,*62
$GPRMC,000054.20,A,3954.7948,N,11622.2099,E,56.12,93.79,010170,,*3E
$GPGGA,000054.20,3954.7948,N,11622.2099,E,1,08,1.0,55.4,M,0.0,M,,*6F
$GPRMC,000054.30,A,3954.7947,N,11622.2120,E,56.48,93.79,010170,,*3C
$GPGGA,000054.30,3954.7947,N,11622.2120,E,1,08,1.0,55.3,M,0.0,M,,*65
$GPRMC,000054.40,A,3954.7946,N,11622.2140,E,56.85,93.79,010170,,*3D
$GPGGA,000054.40,3954.7946,N,11622.2140,E,1,08,1.0,55.2,M,0.0,M,,*64
$GPRMC,000054.50,A,3954.7945,N,11622.2161,E,57.22,93.79,010170,,*30
$GPGGA,000054.50,3954.7945,N,11622.2161,E,1,08,1.0,55.1,M,0.0,M,,*66
$GPRMC,000054.60,A,3954.7944,N,11622.2181,E,57.58,93.79,010170,,*31
$GPGGA,000054.60,3954.7944,N,11622.2181,E,1,08,1.0,55.0,M,0.0,M,,*6B
$GPRMC,000054.70,A,3954.7943,N,11622.2202,E,57.95,93.79,010170,,*3E
$GPGGA,000054.70,3954.7943,N,11622.2202,E,1,08,1.0,54.9,M,0.0,M,,*6D
$GPRMC,000054.80,A,3954.7942,N,11622.2223,E,58.19,93.79,010170,,*38
$GPGGA,000054.80,3954.7942,N,11622.2223,E,1,08,1.0,54.8,M,0.0,M,,*61
$GPRMC,000054.90,A,3954.7941,N,11622.2244,E,58.25,93.79,010170,,*34
$GPGGA,000054.90,3954.7941,N,11622.2244,E,1,08,1.0,54.7,M,0.0,M,,*6D
$GPRMC,000055.00,A,3954.7940,N,11622.2265,E,58.25,93.79,010170,,*3E
$GPGGA,000055.00,3954.7940,N,11622.2265,E,1,08,1.0,54.6,M,0.0,M,,*66
$GPRMC,000055.10,A,3954.7939,N,11622.2286,E,58.25,93.79,010170,,*3C
$GPGGA,000055.10,3954.7939,N,11622.2286,E,1,08,1.0,54.5,M,0.0,M,,*67
$GPRMC,000055.20,A,3954.7938,N,11622.2307,E,58.25,93.80,010170,,*30
$GPGGA,000055.20,3954.7938,N,11622.2307,E,1,08,1.0,54.4,M,0.0,M,,*6C
$GPRMC,000055.30,A,3954.7937,N,11622.2328,E,58.25,93.81,010170,,*32
$GPGGA,000055.30,3954.7937,N,11622.2328,E,1,08,1.0,54.4,M,0.0,M,,*6F
$GPRMC,000055.40,A,3954.7935,N,11622.2350,E,58.25,93.82,010170,,*3B
$GPGGA,000055.40,3954.7935,N,11622.2350,E,1,08,1.0,54.3,M,0.0,M,,*62
$GPRMC,000055.50,A,3954.7934,N,11622.2371,E,58.25,93.82,010170,,*38
$GPGGA,000055.50,3954.7934,N,11622.2371,E,1,08,1.0,54.3,M,0.0,M,,*61
$GPRMC,000055.60,A,3954.7933,N,11622.2392,E,58.25,93.82,010170,,*31
$GPGGA,000055.60,3954.7933,N,11622.2392,E,1,08,1.0,54.3,M,0.0,M,,*68
$GPRMC,000055.70,A,3954.7932,N,11622.2413,E,58.25,93.82,010170,,*3F
$GPGGA,000055.70,3954.7932,N,11622.2413,E,1,08,1.0,54.2,M,0.0,M,,*67
$GPRMC,000055.80,A,3954.7931,N,11622.2434,E,58.25,93.82,010170,,*36
$GPGGA,000055.80,3954.7931,N,11622.2434,E,1,08,1.0,54.2,M,0.0,M,,*6E
$GPRMC,000055.90,A,3954.7930,N,11622.2455,E,58.25,93.82,010170,,*31
$GPGGA,000055.90,3954.7930,N,11622.2455,E,1,08,1.0,54.1,M,0.0,M,,*6A
$GPRMC,000056.00,A,3954.7929,N,11622.2476,E,58.25,93.82,010170,,*32
$GPGGA,000056.00,3954.7929,N,11622.2476,E,1,08,1.0,54.1,M,0.0,M,,*69
$GPRMC,000056.10,A,3954.7928,N,11622.2497,E,58.25,93.82,010170,,*3D
$GPGGA,000056.10,3954.7928,N,11622.2497,E,1,08,1.0,54.1,M,0.0,M,,*66
$GPRMC,000056.20,A,3954.7927,N,11622.2518,E,58.25,93.82,010170,,*37
$GPGGA,000056.20,3954.7927,N,11622.2518,E,1,08,1.0,54.0,M,0.0,M,,*6D
$GPRMC,000056.30,A,3954.7926,N,11622.2539,E,58.25,93.82,010170,,*34
$GPGGA,000056.30,3954.7926,N,11622.2539,E,1,08,1.0,54.0,M,0.0,M,,*6E
$GPRMC,000056.40,A,3954.7925,N,11622.2560,E,58.25,93.82,010170,,*3C
$GPGGA,000056.40,3954.7925,N,11622.2560,E,1,08,1.0,54.0,M,0.0,M,,*66
$GPRMC,000056.50,A,3954.7924,N,11622.2581,E,58.25,93.82,010170,,*33
$GPGGA,000056.50,3954.7924,N,11622.2581,E,1,08,1.0,53.9,M,0.0,M,,*67
$GPRMC,000056.60,A,3954.7923,N,11622.2602,E,58.25,93.82,010170,,*3F
$GPGGA,000056.60,3954.7923,N,11622.2602,E,1,08,1.0,53.9,M,0.0,M,,*6B
$GPRMC,000056.70,A,3954.7921,N,11622.2623,E,58.25,93.82,010170,,*3F
$GPGGA,000056.70,3954.7921,N,11622.2623,E,1,08,1.0,53.8,M,0.0,M,,*6A
$GPRMC,000056.80,A,3954.7920,N,11622.2644,E,58.25,93.82,010170,,*30
$GPGGA,000056.80,3954.7920,N,11622.2644,E,1,08,1.0,53.8,M,0.0,M,,*65
$GPRMC,000056.90,A,3954.7919,N,11622.2665,E,58.25,93.82,010170,,*38
$GPGGA,000056.90,3954.7919,N,11622.2665,E,1,08,1.0,53.8,M,0.0,M,,*6D
$GPRMC,000057.00,A,3954.7918,N,11622.2686,E,58.25,93.82,010170,,*3C
$GPGGA,000057.00,3954.7918,N,11622.2686,E,1,08,1.0,53.7,M,0.0,M,,*66
$GPRMC,000057.10,A,3954.7917,N,11622.2707,E,58.25,93.82,010170,,*3A
$GPGGA,000057.10,3954.7917,N,11622.2707,E,1,08,1.0,53.7,M,0.0,M,,*60
$GPRMC,000057.20,A,3954.7916,N,11622.2728,E,58.25,93.82,010170,,*35
$GPGGA,000057.20,3954.7916,N,11622.2728,E,1,08,1.0,53.6,M,0.0,M,,*6E
$GPRMC,000057.30,A,3954.7915,N,11622.2749,E,58.25,93.82,010170,,*30
$GPGGA,000057.30,3954.7915,N,11622.2749,E,1,08,1.0,53.6,M,0.0,M,,*6B
$GPRMC,000057.40,A,3954.7914,N,11622.2770,E,58.25,93.82,010170,,*3C
$GPGGA,000057.40,3954.7914,N,11622.2770,E,1,08,1.0,53.6,M,0.0,M,,*67
$GPRMC,000057.50,A,3954.7913,N,11622.2791,E,58.25,93.82,010170,,*35
$GPGGA,000057.50,3954.7913,N,11622.2791,E,1,08,1.0,53.5,M,0.0,M,,*6D
$GPRMC,000057.60,A,3954.7912,N,11622.2812,E,58.25,93.82,010170,,*33
$GPGGA,000057.60,3954.7912,N,11622.2812,E,1,08,1.0,53.5,M,0.0,M,,*6B
$GPRMC,000057.70,A,3954.7911,N,11622.2833,E,58.25,93.82,010170,,*32
$GPGGA,000057.70,3954.7911,N,11622.2833,E,1,08,1.0,53.5,M,0.0,M,,*6A
$GPRMC,000057.80,A,3954.7910,N,11622.2854,E,58.25,93.82,010170,,*3D
$GPGGA,000057.80,3954.7910,N,11622.2854,E,1,08,1.0,53.4,M,0.0,M,,*64
$GPRMC,000057.90,A,3954.7909,N,11622.2875,E,58.25,93.82,010170,,*37
$GPGGA,000057.90,3954.7909,N,11622.2875,E,1,08,1.0,53.4,M,0.0,M,,*6E
$GPRMC,000058.00,A,3954.7907,N,11622.2896,E,58.25,93.82,010170,,*32
$GPGGA,000058.00,3954.7907,N,11622.2896,E,1,08,1.0,53.3,M,0.0,M,,*6C
$GPRMC,000058.10,A,3954.7906,N,11622.2917,E,58.24,94.69,010170,,*39
$GPGGA,000058.10,3954.7906,N,11622.2917,E,1,08,1.0,53.3,M,0.0,M,,*64
$GPRMC,000058.20,A,3954.7905,N,11622.2938,E,58.25,95.73,010170,,*3F
$GPGGA,000058.20,3954.7905,N,11622.2938,E,1,08,1.0,53.3,M,0.0,M,,*69
$GPRMC,000058.30,A,3954.7903,N,11622.2959,E,58.25,95.91,010170,,*33
$GPGGA,000058.30,3954.7903,N,11622.2959,E,1,08,1.0,53.3,M,0.0,M,,*69
$GPRMC,000058.40,A,3954.7901,N,11622.2980,E,58.25,95.91,010170,,*32
$GPGGA,000058.40,3954.7901,N,11622.2980,E,1,08,1.0,53.3,M,0.0,M,,*68
$GPRMC,000058.50,A,3954.7900,N,11622.3001,E,58.25,95.91,010170,,*33
$GPGGA,000058.50,3954.7900,N,11622.3001,E,1,08,1.0,53.3,M,0.0,M,,*69
$GPRMC,000058.60,A,3954.7898,N,11622.3022,E,58.25,95.91,010170,,*31
$GPGGA,000058.60,3954.7898,N,11622.3022,E,1,08,1.0,53.3,M,0.0,M,,*6B
$GPRMC,000058.70,A,3954.7896,N,11622.3043,E,58.25,95.91,010170,,*39
$GPGGA,000058.70,3954.7896,N,11622.3043,E,1,08,1.0,53.3,M,0.0,M,,*63
$GPRMC,000058.80,A,3954.7895,N,11622.3064,E,58.25,95.91,010170,,*30
$GPGGA,000058.80,3954.7895,N,11622.3064,E,1,08,1.0,53.4,M,0.0,M,,*6D
$GPRMC,000058.90,A,3954.7893,N,11622.3085,E,58.25,95.91,010170,,*38
$GPGGA,000058.90,3954.7893,N,11622.3085,E,1,08,1.0,53.4,M,0.0,M,,*65
$GPRMC,000059.00,A,3954.7891,N,11622.3106,E,58.25,95.91,010170,,*38
$GPGGA,000059.00,3954.7891,N,11622.3106,E,1,08,1.0,53.4,M,0.0,M,,*65
$GPRMC,000059.10,A,3954.7890,N,11622.3127,E,58.25,95.91,010170,,*3B
$GPGGA,000059.10,3954.7890,N,11622.3127,E,1,08,1.0,53.4,M,0.0,M,,*66
$GPRMC,000059.20,A,3954.7888,N,11622.3148,E,58.25,95.91,010170,,*38
$GPGGA,000059.20,3954.7888,N,11622.3148,E,1,08,1.0,53.4,M,0.0,M,,*65
$GPRMC,000059.30,A,3954.7887,N,11622.3169,E,58.25,95.91,010170,,*35
$GPGGA,000059.30,3954.7887,N,11622.3169,E,1,08,1.0,53.4,M,0.0,M,,*68
$GPRMC,000059.40,A,3954.7885,N,11622.3190,E,58.25,95.91,010170,,*36
$GPGGA,000059.40,3954.7885,N,11622.3190,E,1,08,1.0,53.4,M,0.0,M,,*6B
$GPRMC,000059.50,A,3954.7883,N,11622.3211,E,58.25,95.91,010170,,*3B
$GPGGA,000059.50,3954.7883,N,11622.3211,E,1,08,1.0,53.4,M,0.0,M,,*66
$GPRMC,000059.60,A,3954.7882,N,11622.3232,E,58.25,95.91,010170,,*38
$GPGGA,000059.60,3954.7882,N,11622.3232,E,1,08,1.0,53.4,M,0.0,M,,*65
$GPRMC,000059.70,A,3954.7880,N,11622.3253,E,58.25,95.91,010170,,*3C
$GPGGA,000059.70,3954.7880,N,11622.3253,E,1,08,1.0,53.4,M,0.0,M,,*61
$GPRMC,000059.80,A,3954.7878,N,11622.3274,E,58.25,95.91,010170,,*31
$GPGGA,000059.80,3954.7878,N,11622.3274,E,1,08,1.0,53.4,M,0.0,M,,*6C
$GPRMC,000059.90,A,3954.7877,N,11622.3295,E,58.25,95.91,010170,,*30
$GPGGA,000059.90,3954.7877,N,11622.3295,E,1,08,1.0,53.4,M,0.0,M,,*6D
$GPRMC,000100.00,A,3954.7875,N,11622.3316,E,58.25,95.91,010170,,*3C
$GPGGA,000100.00,3954.7875,N,11622.3316,E,1,08,1.0,53.5,M,0.0,M,,*60
$GPRMC,000100.10,A,3954.7873,N,11622.3337,E,58.25,95.91,010170,,*38
$GPGGA,000100.10,3954.7873,N,11622.3337,E,1,08,1.0,53.5,M,0.0,M,,*64
$GPRMC,000100.20,A,3954.7872,N,11622.3358,E,58.25,95.91,010170,,*33
$GPGGA,000100.20,3954.7872,N,11622.3358,E,1,08,1.0,53.5,M,0.0,M,,*6F
$GPRMC,000100.30,A,3954.7870,N,11622.3379,E,58.25,95.91,010170,,*33
$GPGGA,000100.30,3954.7870,N,11622.3379,E,1,08,1.0,53.5,M,0.0,M,,*6F
$GPRMC,000100.40,A,3954.7868,N,11622.3400,E,58.25,95.91,010170,,*34
$GPGGA,000100.40,3954.7868,N,11622.3400,E,1,08,1.0,53.5,M,0.0,M,,*68
$GPRMC,000100.50,A,3954.7867,N,11622.3421,E,58.25,95.91,010170,,*39
$GPGGA,000100.50,3954.7867,N,11622.3421,E,1,08,1.0,53.5,M,0.0,M,,*65
$GPRMC,000100.60,A,3954.7865,N,11622.3442,E,58.25,95.91,010170,,*3D
$GPGGA,000100.60,3954.7865,N,11622.3442,E,1,08,1.0,53.5,M,0.0,M,,*61
$GPRMC,000100.70,A,3954.7863,N,11622.3463,E,58.25,95.91,010170,,*39
$GPGGA,000100.70,3954.7863,N,11622.3463,E,1,08,1.0,53.5,M,0.0,M,,*65
$GPRMC,000100.80,A,3954.7862,N,11622.3484,E,58.25,95.91,010170,,*3E
$GPGGA,000100.80,3954.7862,N,11622.3484,E,1,08,1.0,53.5,M,0.0,M,,*62
$GPRMC,000100.90,A,3954.7860,N,11622.3505,E,58.25,95.91,010170,,*35
$GPGGA,000100.90,3954.7860,N,11622.3505,E,1,08,1.0,53.5,M,0.0,M,,*69
$GPRMC,000101.00,A,3954.7858,N,11622.3526,E,58.25,95.91,010170,,*37
$GPGGA,000101.00,3954.7858,N,11622.3526,E,1,08,1.0,53.5,M,0.0,M,,*6B
$GPRMC,000101.10,A,3954.7857,N,11622.3547,E,58.25,95.91,010170,,*3E
$GPGGA,000101.10,3954.7857,N,11622.3547,E,1,08,1.0,53.5,M,0.0,M,,*62
$GPRMC,000101.20,A,3954.7855,N,11622.3568,E,58.25,95.91,010170,,*32
$GPGGA,000101.20,3954.7855,N,11622.3568,E,1,08,1.0,53.5,M,0.0,M,,*6E
$GPRMC,000101.30,A,3954.7853,N,11622.3588,E,58.25,95.91,010170,,*3B
$GPGGA,000101.30,3954.7853,N,11622.3588,E,1,08,1.0,53.6,M,0.0,M,,*64
$GPRMC,000101.40,A,3954.7852,N,11622.3609,E,58.25,95.91,010170,,*37
$GPGGA,000101.40,3954.7852,N,11622.3609,E,1,08,1.0,53.6,M,0.0,M,,*68
$GPRMC,000101.50,A,3954.7850,N,11622.3630,E,58.25,95.91,010170,,*3E
$GPGGA,000101.50,3954.7850,N,11622.3630,E,1,08,1.0,53.6,M,0.0,M,,*61
$GPRMC,000101.60,A,3954.7848,N,11622.3651,E,58.25,95.91,010170,,*33
$GPGGA,000101.60,3954.7848,N,11622.3651,E,1,08,1.0,53.6,M,0.0,M,,*6C
$GPRMC,000101.70,A,3954.7847,N,11622.3672,E,58.25,95.91,010170,,*3C
$GPGGA,000101.70,3954.7847,N,11622.3672,E,1,08,1.0,53.6,M,0.0,M,,*63
$GPRMC,000101.80,A,3954.7845,N,11622.3693,E,58.24,95.39,010170,,*3D
$GPGGA,000101.80,3954.7845,N,11622.3693,E,1,08,1.0,53.6,M,0.0,M,,*61
$GPRMC,000101.90,A,3954.7844,N,11622.3714,E,58.23,93.91,010170,,*30
$GPGGA,000101.90,3954.7844,N,11622.3714,E,1,08,1.0,53.6,M,0.0,M,,*6F
$GPRMC,000102.00,A,3954.7843,N,11622.3735,E,58.25,92.94,010170,,*3C
$GPGGA,000102.00,3954.7843,N,11622.3735,E,1,08,1.0,53.6,M,0.0,M,,*61
$GPRMC,000102.10,A,3954.7842,N,11622.3756,E,58.25,92.94,010170,,*39
$GPGGA,000102.10,3954.7842,N,11622.3756,E,1,08,1.0,53.6,M,0.0,M,,*64
$GPRMC,000102.20,A,3954.7841,N,11622.3777,E,58.25,92.94,010170,,*3A
$GPGGA,000102.20,3954.7841,N,11622.3777,E,1,08,1.0,53.6,M,0.0,M,,*67
$GPRMC,000102.30,A,3954.7840,N,11622.3799,E,58.25,92.94,010170,,*3A
$GPGGA,000102.30,3954.7840,N,11622.3799,E,1,08,1.0,53.6,M,0.0,M,,*67
$GPRMC,000102.40,A,3954.7839,N,11622.3820,E,58.25,92.94,010170,,*3E
$GPGGA,000102.40,3954.7839,N,11622.3820,E,1,08,1.0,53.6,M,0.0,M,,*63
$GPRMC,000102.50,A,3954.7839,N,11622.3841,E,58.25,92.94,010170,,*38
$GPGGA,000102.50,3954.7839,N,11622.3841,E,1,08,1.0,53.6,M,0.0,M,,*65
$GPRMC,000102.60,A,3954.7838,N,11622.3862,E,58.25,92.94,010170,,*3B
$GPGGA,000102.60,3954.7838,N,11622.3862,E,1,08,1.0,53.6,M,0.0,M,,*66
$GPRMC,000102.70,A,3954.7837,N,11622.3883,E,58.25,92.94,010170,,*3A
$GPGGA,000102.70,3954.7837,N,11622.3883,E,1,08,1.0,53.6,M,0.0,M,,*67
$GPRMC,000102.80,A,3954.7836,N,11622.3904,E,58.25,92.94,010170,,*3A
$GPGGA,000102.80,3954.7836,N,11622.3904,E,1,08,1.0,53.6,M,0.0,M,,*67
$GPRMC,000102.90,A,3954.7835,N,11622.3925,E,58.25,92.94,010170,,*3B
$GPGGA,000102.90,3954.7835,N,11622.3925,E,1,08,1.0,53.6,M,0.0,M,,*66
$GPRMC,000103.00,A,3954.7834,N,11622.3946,E,58.25,92.57,010170,,*38
$GPGGA,000103.00,3954.7834,N,11622.3946,E,1,08,1.0,53.6,M,0.0,M,,*6A
$GPRMC,000103.10,A,3954.7834,N,11622.3967,E,58.25,92.10,010170,,*39
$GPGGA,000103.10,3954.7834,N,11622.3967,E,1,08,1.0,53.6,M,0.0,M,,*68
$GPRMC,000103.20,A,3954.7833,N,11622.3988,E,58.25,91.99,010170,,*3E
$GPGGA,000103.20,3954.7833,N,11622.3988,E,1,08,1.0,53.6,M,0.0,M,,*6D
$GPRMC,000103.30,A,3954.7833,N,11622.4009,E,58.25,91.99,010170,,*38
$GPGGA,000103.30,3954.7833,N,11622.4009,E,1,08,1.0,53.6,M,0.0,M,,*6B
$GPRMC,000103.40,A,3954.7832,N,11622.4030,E,58.25,91.99,010170,,*34
$GPGGA,000103.40,3954.7832,N,11622.4030,E,1,08,1.0,53.6,M,0.0,M,,*67
$GPRMC,000103.50,A,3954.7832,N,11622.4051,E,58.25,91.99,010170,,*32
$GPGGA,000103.50,3954.7832,N,11622.4051,E,1,08,1.0,53.6,M,0.0,M,,*61
$GPRMC,000103.60,A,3954.7831,N,11622.4072,E,58.25,91.99,010170,,*33
$GPGGA,000103.60,3954.7831,N,11622.4072,E,1,08,1.0,53.6,M,0.0,M,,*60
$GPRMC,000103.70,A,3954.7830,N,11622.4093,E,58.25,91.99,010170,,*3C
$GPGGA,000103.70,3954.7830,N,11622.4093,E,1,08,1.0,53.6,M,0.0,M,,*6F
$GPRMC,000103.80,A,3954.7830,N,11622.4114,E,58.25,91.99,010170,,*3D
$GPGGA,000103.80,3954.7830,N,11622.4114,E,1,08,1.0,53.6,M,0.0,M,,*6E
$GPRMC,000103.90,A,3954.7829,N,11622.4136,E,58.25,91.99,010170,,*34
$GPGGA,000103.90,3954.7829,N,11622.4136,E,1,08,1.0,53.6,M,0.0,M,,*67
$GPRMC,000104.00,A,3954.7829,N,11622.4157,E,58.25,91.99,010170,,*3D
$GPGGA,000104.00,3954.7829,N,11622.4157,E,1,08,1.0,53.6,M,0.0,M,,*6E
$GPRMC,000104.10,A,3954.7828,N,11622.4178,E,58.25,91.99,010170,,*30
$GPGGA,000104.10,3954.7828,N,11622.4178,E,1,08,1.0,53.6,M,0.0,M,,*63
$GPRMC,000104.20,A,3954.7828,N,11622.4199,E,58.25,91.99,010170,,*3C
$GPGGA,000104.20,3954.7828,N,11622.4199,E,1,08,1.0,53.6,M,0.0,M,,*6F
$GPRMC,000104.30,A,3954.7827,N,11622.4220,E,58.25,91.99,010170,,*33
$GPGGA,000104.30,3954.7827,N,11622.4220,E,1,08,1.0,53.6,M,0.0,M,,*60
$GPRMC,000104.40,A,3954.7826,N,11622.4241,E,58.25,91.99,010170,,*32
$GPGGA,000104.40,3954.7826,N,11622.4241,E,1,08,1.0,53.6,M,0.0,M,,*61
$GPRMC,000104.50,A,3954.7826,N,11622.4262,E,58.25,91.99,010170,,*32
$GPGGA,000104.50,3954.7826,N,11622.4262,E,1,08,1.0,53.6,M,0.0,M,,*61
$GPRMC,000104.60,A,3954.7825,N,11622.4283,E,58.25,91.99,010170,,*3D
$GPGGA,000104.60,3954.7825,N,11622.4283,E,1,08,1.0,53.6,M,0.0,M,,*6E
$GPRMC,000104.70,A,3954.7825,N,11622.4304,E,58.25,91.99,010170,,*32
$GPGGA,000104.70,3954.7825,N,11622.4304,E,1,08,1.0,53.6,M,0.0,M,,*61
$GPRMC,000104.80,A,3954.7824,N,11622.4325,E,58.25,91.99,010170,,*3F
$GPGGA,000104.80,3954.7824,N,11622.4325,E,1,08,1.0,53.6,M,0.0,M,,*6C
$GPRMC,000104.90,A,3954.7824,N,11622.4346,E,58.25,91.99,010170,,*3B
$GPGGA,000104.90,3954.7824,N,11622.4346,E,1,08,1.0,53.6,M,0.0,M,,*68
$GPRMC,000105.00,A,3954.7823,N,11622.4367,E,58.25,91.99,010170,,*37
$GPGGA,000105.00,3954.7823,N,11622.4367,E,1,08,1.0,53.6,M,0.0,M,,*64
$GPRMC,000105.10,A,3954.7823,N,11622.4388,E,58.25,91.99,010170,,*37
$GPGGA,000105.10,3954.7823,N,11622.4388,E,1,08,1.0,53.6,M,0.0,M,,*64
$GPRMC,000105.20,A,3954.7822,N,11622.4409,E,57.90,91.99,010170,,*3A
$GPGGA,000105.20,3954.7822,N,11622.4409,E,1,08,1.0,53.6,M,0.0,M,,*68
$GPRMC,000105.30,A,3954.7821,N,11622.4430,E,57.19,91.99,010170,,*33
$GPGGA,000105.30,3954.7821,N,11622.4430,E,1,08,1.0,53.6,M,0.0,M,,*60
$GPRMC,000105.40,A,3954.7821,N,11622.4451,E,56.48,91.99,010170,,*36
$GPGGA,000105.40,3954.7821,N,11622.4451,E,1,08,1.0,53.6,M,0.0,M,,*60
$GPRMC,000105.50,A,3954.7820,N,11622.4471,E,55.78,91.99,010170,,*34
$GPGGA,000105.50,3954.7820,N,11622.4471,E,1,08,1.0,53.6,M,0.0,M,,*62
$GPRMC,000105.60,A,3954.7820,N,11622.4491,E,55.07,91.99,010170,,*31
$GPGGA,000105.60,3954.7820,N,11622.4491,E,1,08,1.0,53.6,M,0.0,M,,*6F
$GPRMC,000105.70,A,3954.7819,N,11622.4511,E,54.36,91.99,010170,,*30
$GPGGA,000105.70,3954.7819,N,11622.4511,E,1,08,1.0,53.6,M,0.0,M,,*6D
$GPRMC,000105.80,A,3954.7819,N,11622.4530,E,53.66,91.99,010170,,*3E
$GPGGA,000105.80,3954.7819,N,11622.4530,E,1,08,1.0,53.6,M,0.0,M,,*61
$GPRMC,000105.90,A,3954.7818,N,11622.4550,E,52.95,91.99,010170,,*35
$GPGGA,000105.90,3954.7818,N,11622.4550,E,1,08,1.0,53.6,M,0.0,M,,*67
$GPRMC,000106.00,A,3954.7818,N,11622.4569,E,52.24,91.99,010170,,*3F
$GPGGA,000106.00,3954.7818,N,11622.4569,E,1,08,1.0,53.6,M,0.0,M,,*67
$GPRMC,000106.10,A,3954.7817,N,11622.4588,E,51.54,91.99,010170,,*3A
$GPGGA,000106.10,3954.7817,N,11622.4588,E,1,08,1.0,53.6,M,0.0,M,,*66
$GPRMC,000106.20,A,3954.7817,N,11622.4606,E,50.83,91.99,010170,,*37
$GPGGA,000106.20,3954.7817,N,11622.4606,E,1,08,1.0,53.6,M,0.0,M,,*60
$GPRMC,000106.30,A,3954.7816,N,11622.4624,E,50.12,91.99,010170,,*3F
$GPGGA,000106.30,3954.7816,N,11622.4624,E,1,08,1.0,53.6,M,0.0,M,,*60
$GPRMC,000106.40,A,3954.7816,N,11622.4642,E,49.42,91.99,010170,,*35
$GPGGA,000106.40,3954.7816,N,11622.4642,E,1,08,1.0,53.6,M,0.0,M,,*67
$GPRMC,000106.50,A,3954.7815,N,11622.4660,E,48.71,91.99,010170,,*36
$GPGGA,000106.50,3954.7815,N,11622.4660,E,1,08,1.0,53.6,M,0.0,M,,*65
$GPRMC,000106.60,A,3954.7815,N,11622.4678,E,48.00,91.99,010170,,*3A
$GPGGA,000106.60,3954.7815,N,11622.4678,E,1,08,1.0,53.6,M,0.0,M,,*6F
$GPRMC,000106.70,A,3954.7814,N,11622.4695,E,47.30,91.99,010170,,*35
$GPGGA,000106.70,3954.7814,N,11622.4695,E,1,08,1.0,53.6,M,0.0,M,,*6C
$GPRMC,000106.80,A,3954.7814,N,11622.4712,E,46.59,91.99,010170,,*3A
$GPGGA,000106.80,3954.7814,N,11622.4712,E,1,08,1.0,53.6,M,0.0,M,,*6D
$GPRMC,000106.90,A,3954.7813,N,11622.4728,E,45.88,91.99,010170,,*3A
$GPGGA,000106.90,3954.7813,N,11622.4728,E,1,08,1.0,53.6,M,0.0,M,,*62
$GPRMC,000107.00,A,3954.7813,N,11622.4745,E,45.17,91.99,010170,,*3F
$GPGGA,000107.00,3954.7813,N,11622.4745,E,1,08,1.0,53.6,M,0.0,M,,*61
$GPRMC,000107.10,A,3954.7813,N,11622.4761,E,44.47,91.99,010170,,*3C
$GPGGA,000107.10,3954.7813,N,11622.4761,E,1,08,1.0,53.6,M,0.0,M,,*66
$GPRMC,000107.20,A,3954.7812,N,11622.4777,E,43.76,91.99,010170,,*3C
$GPGGA,000107.20,3954.7812,N,11622.4777,E,1,08,1.0,53.6,M,0.0,M,,*63
$GPRMC,000107.30,A,3954.7812,N,11622.4793,E,43.05,91.99,010170,,*33
$GPGGA,000107.30,3954.7812,N,11622.4793,E,1,08,1.0,53.6,M,0.0,M,,*68
$GPRMC,000107.40,A,3954.7811,N,11622.4808,E,42.35,91.99,010170,,*38
$GPGGA,000107.40,3954.7811,N,11622.4808,E,1,08,1.0,53.6,M,0.0,M,,*61
$GPRMC,000107.50,A,3954.7811,N,11622.4823,E,41.64,91.99,010170,,*37
$GPGGA,000107.50,3954.7811,N,11622.4823,E,1,08,1.0,53.6,M,0.0,M,,*69
$GPRMC,000107.60,A,3954.7810,N,11622.4838,E,40.93,91.99,010170,,*36
$GPGGA,000107.60,3954.7810,N,11622.4838,E,1,08,1.0,53.6,M,0.0,M,,*61
$GPRMC,000107.70,A,3954.7810,N,11622.4853,E,40.23,91.99,010170,,*31
$GPGGA,000107.70,3954.7810,N,11622.4853,E,1,08,1.0,53.6,M,0.0,M,,*6D
$GPRMC,000107.80,A,3954.7810,N,11622.4867,E,39.52,92.00,010170,,*32
$GPGGA,000107.80,3954.7810,N,11622.4867,E,1,08,1.0,53.6,M,0.0,M,,*65
$GPRMC,000107.90,A,3954.7809,N,11622.4882,E,38.81,92.00,010170,,*3F
$GPGGA,000107.90,3954.7809,N,11622.4882,E,1,08,1.0,53.6,M,0.0,M,,*67
$GPRMC,000108.00,A,3954.7809,N,11622.4896,E,38.11,92.00,010170,,*35
$GPGGA,000108.00,3954.7809,N,11622.4896,E,1,08,1.0,53.6,M,0.0,M,,*64
$GPRMC,000108.10,A,3954.7809,N,11622.4909,E,37.40,92.00,010170,,*38
$GPGGA,000108.10,3954.7809,N,11622.4909,E,1,08,1.0,53.6,M,0.0,M,,*62
$GPRMC,000108.20,A,3954.7808,N,11622.4923,E,36.69,92.00,010170,,*38
$GPGGA,000108.20,3954.7808,N,11622.4923,E,1,08,1.0,53.6,M,0.0,M,,*68
$GPRMC,000108.30,A,3954.7808,N,11622.4936,E,35.99,92.00,010170,,*31
$GPGGA,000108.30,3954.7808,N,11622.4936,E,1,08,1.0,53.6,M,0.0,M,,*6D
$GPRMC,000108.40,A,3954.7808,N,11622.4949,E,35.28,92.00,010170,,*34
$GPGGA,000108.40,3954.7808,N,11622.4949,E,1,08,1.0,53.6,M,0.0,M,,*62
$GPRMC,000108.50,A,3954.7807,N,11622.4961,E,34.57,92.00,010170,,*39
$GPGGA,000108.50,3954.7807,N,11622.4961,E,1,08,1.0,53.6,M,0.0,M,,*66
$GPRMC,000108.60,A,3954.7807,N,11622.4974,E,33.87,92.00,010170,,*34
$GPGGA,000108.60,3954.7807,N,11622.4974,E,1,08,1.0,53.6,M,0.0,M,,*61
$GPRMC,000108.70,A,3954.7807,N,11622.4986,E,33.16,92.00,010170,,*30
$GPGGA,000108.70,3954.7807,N,11622.4986,E,1,08,1.0,53.6,M,0.0,M,,*6D
$GPRMC,000108.80,A,3954.7806,N,11622.4998,E,32.45,92.00,010170,,*36
$GPGGA,000108.80,3954.7806,N,11622.4998,E,1,08,1.0,53.6,M,0.0,M,,*6C
$GPRMC,000108.90,A,3954.7806,N,11622.5009,E,31.75,92.00,010170,,*37
$GPGGA,000108.90,3954.7806,N,11622.5009,E,1,08,1.0,53.6,M,0.0,M,,*6D
$GPRMC,000109.00,A,3954.7806,N,11622.5021,E,31.04,92.00,010170,,*33
$GPGGA,000109.00,3954.7806,N,11622.5021,E,1,08,1.0,53.6,M,0.0,M,,*6F
$GPRMC,000109.10,A,3954.7805,N,11622.5032,E,30.33,92.00,010170,,*36
$GPGGA,000109.10,3954.7805,N,11622.5032,E,1,08,1.0,53.6,M,0.0,M,,*6F
$GPRMC,000109.20,A,3954.7805,N,11622.5043,E,29.63,92.00,010170,,*3E
$GPGGA,000109.20,3954.7805,N,11622.5043,E,1,08,1.0,53.6,M,0.0,M,,*6A
$GPRMC,000109.30,A,3954.7805,N,11622.5053,E,28.92,92.00,010170,,*31
$GPGGA,000109.30,3954.7805,N,11622.5053,E,1,08,1.0,53.6,M,0.0,M,,*6A
$GPRMC,000109.40,A,3954.7804,N,11622.5063,E,28.21,92.00,010170,,*3C
$GPGGA,000109.40,3954.7804,N,11622.5063,E,1,08,1.0,53.6,M,0.0,M,,*6F
$GPRMC,000109.50,A,3954.7804,N,11622.5074,E,27.51,92.00,010170,,*33
$GPGGA,000109.50,3954.7804,N,11622.5074,E,1,08,1.0,53.6,M,0.0,M,,*68
$GPRMC,000109.60,A,3954.7804,N,11622.5083,E,26.80,92.00,010170,,*35
$GPGGA,000109.60,3954.7804,N,11622.5083,E,1,08,1.0,53.6,M,0.0,M,,*63
$GPRMC,000109.70,A,3954.7804,N,11622.5093,E,26.09,92.00,010170,,*34
$GPGGA,000109.70,3954.7804,N,11622.5093,E,1,08,1.0,53.6,M,0.0,M,,*63
$GPRMC,000109.80,A,3954.7803,N,11622.5102,E,25.39,92.00,010170,,*35
$GPGGA,000109.80,3954.7803,N,11622.5102,E,1,08,1.0,53.6,M,0.0,M,,*62
$GPRMC,000109.90,A,3954.7803,N,11622.5111,E,24.68,92.00,010170,,*33
$GPGGA,000109.90,3954.7803,N,11622.5111,E,1,08,1.0,53.6,M,0.0,M,,*61
$GPRMC,000110.00,A,3954.7803,N,11622.5120,E,23.97,92.00,010170,,*37
$GPGGA,000110.00,3954.7803,N,11622.5120,E,1,08,1.0,53.6,M,0.0,M,,*62
$GPRMC,000110.10,A,3954.7803,N,11622.5129,E,23.27,92.00,010170,,*34
$GPGGA,000110.10,3954.7803,N,11622.5129,E,1,08,1.0,53.6,M,0.0,M,,*6A
$GPRMC,000110.20,A,3954.7803,N,11622.5137,E,22.56,92.00,010170,,*3F
$GPGGA,000110.20,3954.7803,N,11622.5137,E,1,08,1.0,53.6,M,0.0,M,,*66
$GPRMC,000110.30,A,3954.7802,N,11622.5145,E,21.85,92.00,010170,,*37
$GPGGA,000110.30,3954.7802,N,11622.5145,E,1,08,1.0,53.6,M,0.0,M,,*63
$GPRMC,000110.40,A,3954.7802,N,11622.5153,E,21.14,92.00,010170,,*3F
$GPGGA,000110.40,3954.7802,N,11622.5153,E,1,08,1.0,53.6,M,0.0,M,,*63
$GPRMC,000110.50,A,3954.7802,N,11622.5160,E,20.44,92.00,010170,,*3A
$GPGGA,000110.50,3954.7802,N,11622.5160,E,1,08,1.0,53.6,M,0.0,M,,*62
$GPRMC,000110.60,A,3954.7802,N,11622.5168,E,19.73,92.00,010170,,*3F
$GPGGA,000110.60,3954.7802,N,11622.5168,E,1,08,1.0,53.6,M,0.0,M,,*69
$GPRMC,000110.70,A,3954.7802,N,11622.5175,E,19.02,92.00,010170,,*34
$GPGGA,000110.70,3954.7802,N,11622.5175,E,1,08,1.0,53.6,M,0.0,M,,*64
$GPRMC,000110.80,A,3954.7801,N,11622.5181,E,18.32,92.00,010170,,*31
$GPGGA,000110.80,3954.7801,N,11622.5181,E,1,08,1.0,53.6,M,0.0,M,,*63
$GPRMC,000110.90,A,3954.7801,N,11622.5188,E,17.61,92.00,010170,,*30
$GPGGA,000110.90,3954.7801,N,11622.5188,E,1,08,1.0,53.6,M,0.0,M,,*6B
$GPRMC,000111.00,A,3954.7801,N,11622.5194,E,16.90,92.00,010170,,*3A
$GPGGA,000111.00,3954.7801,N,11622.5194,E,1,08,1.0,53.6,M,0.0,M,,*6E
$GPRMC,000111.10,A,3954.7801,N,11622.5200,E,16.20,92.00,010170,,*3E
$GPGGA,000111.10,3954.7801,N,11622.5200,E,1,08,1.0,53.6,M,0.0,M,,*61
$GPRMC,000111.20,A,3954.7801,N,11622.5206,E,15.49,92.00,010170,,*37
$GPGGA,000111.20,3954.7801,N,11622.5206,E,1,08,1.0,53.6,M,0.0,M,,*64
$GPRMC,000111.30,A,3954.7801,N,11622.5211,E,14.78,92.00,010170,,*33
$GPGGA,000111.30,3954.7801,N,11622.5211,E,1,08,1.0,53.6,M,0.0,M,,*63
$GPRMC,000111.40,A,3954.7800,N,11622.5216,E,14.08,92.00,010170,,*35
$GPGGA,000111.40,3954.7800,N,11622.5216,E,1,08,1.0,53.6,M,0.0,M,,*62
$GPRMC,000111.50,A,3954.7800,N,11622.5221,E,13.37,92.00,010170,,*3B
$GPGGA,000111.50,3954.7800,N,11622.5221,E,1,08,1.0,53.6,M,0.0,M,,*67
$GPRMC,000111.60,A,3954.7800,N,11622.5226,E,12.66,92.00,010170,,*3A
$GPGGA,000111.60,3954.7800,N,11622.5226,E,1,08,1.0,53.6,M,0.0,M,,*63
$GPRMC,000111.70,A,3954.7800,N,11622.5231,E,11.96,92.00,010170,,*31
$GPGGA,000111.70,3954.7800,N,11622.5231,E,1,08,1.0,53.6,M,0.0,M,,*64
$GPRMC,000111.80,A,3954.7800,N,11622.5235,E,11.25,92.00,010170,,*32
$GPGGA,000111.80,3954.7800,N,11622.5235,E,1,08,1.0,53.6,M,0.0,M,,*6F
$GPRMC,000111.90,A,3954.7800,N,11622.5239,E,10.67,92.00,010170,,*38
$GPGGA,000111.90,3954.7800,N,11622.5239,E,1,08,1.0,53.6,M,0.0,M,,*62
$GPRMC,000112.00,A,3954.7800,N,11622.5242,E,10.45,92.00,010170,,*3E
$GPGGA,000112.00,3954.7800,N,11622.5242,E,1,08,1.0,53.6,M,0.0,M,,*64
$GPRMC,000112.10,A,3954.7800,N,11622.5246,E,10.45,92.00,010170,,*3B
$GPGGA,000112.10,3954.7800,N,11622.5246,E,1,08,1.0,53.6,M,0.0,M,,*61
$GPRMC,000112.20,A,3954.7799,N,11622.5250,E,10.45,92.00,010170,,*30
$GPGGA,000112.20,3954.7799,N,11622.5250,E,1,08,1.0,53.6,M,0.0,M,,*6A
$GPRMC,000112.30,A,3954.7799,N,11622.5254,E,10.44,94.04,010170,,*36
$GPGGA,000112.30,3954.7799,N,11622.5254,E,1,08,1.0,53.6,M,0.0,M,,*6F
$GPRMC,000112.40,A,3954.7799,N,11622.5258,E,10.44,96.42,010170,,*3D
$GPGGA,000112.40,3954.7799,N,11622.5258,E,1,08,1.0,53.6,M,0.0,M,,*64
$GPRMC,000112.50,A,3954.7799,N,11622.5261,E,10.42,100.68,010170,,*06
$GPGGA,000112.50,3954.7799,N,11622.5261,E,1,08,1.0,53.6,M,0.0,M,,*6F
$GPRMC,000112.60,A,3954.7798,N,11622.5265,E,10.44,105.27,010170,,*08
$GPGGA,000112.60,3954.7798,N,11622.5265,E,1,08,1.0,53.6,M,0.0,M,,*69
$GPRMC,000112.70,A,3954.7797,N,11622.5269,E,10.42,109.48,010170,,*09
$GPGGA,000112.70,3954.7797,N,11622.5269,E,1,08,1.0,53.6,M,0.0,M,,*6B
$GPRMC,000112.80,A,3954.7796,N,11622.5272,E,10.43,114.07,010170,,*0B
$GPGGA,000112.80,3954.7796,N,11622.5272,E,1,08,1.0,53.6,M,0.0,M,,*6F
$GPRMC,000112.90,A,3954.7795,N,11622.5275,E,10.42,118.28,010170,,*0E
$GPGGA,000112.90,3954.7795,N,11622.5275,E,1,08,1.0,53.6,M,0.0,M,,*6A
$GPRMC,000113.00,A,3954.7793,N,11622.5279,E,10.43,122.87,010170,,*01
$GPGGA,000113.00,3954.7793,N,11622.5279,E,1,08,1.0,53.6,M,0.0,M,,*68
$GPRMC,000113.10,A,3954.7792,N,11622.5282,E,10.42,127.07,010170,,*09
$GPGGA,000113.10,3954.7792,N,11622.5282,E,1,08,1.0,53.6,M,0.0,M,,*6C
$GPRMC,000113.20,A,3954.7790,N,11622.5285,E,10.43,131.66,010170,,*0E
$GPGGA,000113.20,3954.7790,N,11622.5285,E,1,08,1.0,53.6,M,0.0,M,,*6A
$GPRMC,000113.30,A,3954.7788,N,11622.5287,E,10.42,135.87,010170,,*0E
$GPGGA,000113.30,3954.7788,N,11622.5287,E,1,08,1.0,53.7,M,0.0,M,,*61
$GPRMC,000113.40,A,3954.7786,N,11622.5290,E,10.61,140.56,010170,,*0E
$GPGGA,000113.40,3954.7786,N,11622.5290,E,1,08,1.0,53.7,M,0.0,M,,*6E
$GPRMC,000113.50,A,3954.7783,N,11622.5292,E,10.98,144.76,010170,,*08
$GPGGA,000113.50,3954.7783,N,11622.5292,E,1,08,1.0,53.7,M,0.0,M,,*68
$GPRMC,000113.60,A,3954.7781,N,11622.5295,E,11.33,149.86,010170,,*0C
$GPGGA,000113.60,3954.7781,N,11622.5295,E,1,08,1.0,53.7,M,0.0,M,,*6E
$GPRMC,000113.70,A,3954.7778,N,11622.5296,E,11.71,154.29,010170,,*07
$GPGGA,000113.70,3954.7778,N,11622.5296,E,1,08,1.0,53.7,M,0.0,M,,*6A
$GPRMC,000113.80,A,3954.7775,N,11622.5298,E,12.07,159.55,010170,,*0F
$GPGGA,000113.80,3954.7775,N,11622.5298,E,1,08,1.0,53.7,M,0.0,M,,*66
$GPRMC,000113.90,A,3954.7772,N,11622.5300,E,12.44,165.37,010170,,*05
$GPGGA,000113.90,3954.7772,N,11622.5300,E,1,08,1.0,53.7,M,0.0,M,,*60
$GPRMC,000114.00,A,3954.7768,N,11622.5301,E,12.80,169.58,010170,,*0C
$GPGGA,000114.00,3954.7768,N,11622.5301,E,1,08,1.0,53.7,M,0.0,M,,*64
$GPRMC,000114.10,A,3954.7765,N,11622.5301,E,13.19,173.78,010170,,*08
$GPGGA,000114.10,3954.7765,N,11622.5301,E,1,08,1.0,53.7,M,0.0,M,,*68
$GPRMC,000114.20,A,3954.7761,N,11622.5302,E,13.56,175.86,010170,,*00
$GPGGA,000114.20,3954.7761,N,11622.5302,E,1,08,1.0,53.7,M,0.0,M,,*6C
$GPRMC,000114.30,A,3954.7757,N,11622.5302,E,13.93,176.04,010170,,*04
$GPGGA,000114.30,3954.7757,N,11622.5302,E,1,08,1.0,53.7,M,0.0,M,,*68
$GPRMC,000114.40,A,3954.7753,N,11622.5302,E,14.30,176.04,010170,,*09
$GPGGA,000114.40,3954.7753,N,11622.5302,E,1,08,1.0,53.7,M,0.0,M,,*6B
$GPRMC,000114.50,A,3954.7749,N,11622.5303,E,14.67,176.04,010170,,*00
$GPGGA,000114.50,3954.7749,N,11622.5303,E,1,08,1.0,53.7,M,0.0,M,,*60
$GPRMC,000114.60,A,3954.7745,N,11622.5303,E,15.03,176.04,010170,,*0C
$GPGGA,000114.60,3954.7745,N,11622.5303,E,1,08,1.0,53.7,M,0.0,M,,*6F
$GPRMC,000114.70,A,3954.7741,N,11622.5303,E,15.40,176.04,010170,,*0E
$GPGGA,000114.70,3954.7741,N,11622.5303,E,1,08,1.0,53.7,M,0.0,M,,*6A
$GPRMC,000114.80,A,3954.7737,N,11622.5304,E,15.77,176.04,010170,,*03
$GPGGA,000114.80,3954.7737,N,11622.5304,E,1,08,1.0,53.7,M,0.0,M,,*63
$GPRMC,000114.90,A,3954.7732,N,11622.5304,E,16.13,176.04,010170,,*06
$GPGGA,000114.90,3954.7732,N,11622.5304,E,1,08,1.0,53.7,M,0.0,M,,*67
$GPRMC,000115.00,A,3954.7728,N,11622.5305,E,16.50,176.04,010170,,*03
$GPGGA,000115.00,3954.7728,N,11622.5305,E,1,08,1.0,53.7,M,0.0,M,,*65
$GPRMC,000115.10,A,3954.7723,N,11622.5305,E,16.87,176.04,010170,,*03
$GPGGA,000115.10,3954.7723,N,11622.5305,E,1,08,1.0,53.7,M,0.0,M,,*6F
$GPRMC,000115.20,A,3954.7718,N,11622.5305,E,17.24,176.04,010170,,*00
$GPGGA,000115.20,3954.7718,N,11622.5305,E,1,08,1.0,53.7,M,0.0,M,,*64
$GPRMC,000115.30,A,3954.7713,N,11622.5306,E,17.60,176.04,010170,,*09
$GPGGA,000115.30,3954.7713,N,11622.5306,E,1,08,1.0,53.7,M,0.0,M,,*6D
$GPRMC,000115.40,A,3954.7709,N,11622.5306,E,17.97,176.04,010170,,*0D
$GPGGA,000115.40,3954.7709,N,11622.5306,E,1,08,1.0,53.7,M,0.0,M,,*61
$GPRMC,000115.50,A,3954.7703,N,11622.5307,E,18.34,176.04,010170,,*01
$GPGGA,000115.50,3954.7703,N,11622.5307,E,1,08,1.0,53.7,M,0.0,M,,*6B
$GPRMC,000115.60,A,3954.7698,N,11622.5307,E,18.70,176.04,010170,,*01
$GPGGA,000115.60,3954.7698,N,11622.5307,E,1,08,1.0,53.7,M,0.0,M,,*6B
$GPRMC,000115.70,A,3954.7693,N,11622.5308,E,19.07,176.04,010170,,*05
$GPGGA,000115.70,3954.7693,N,11622.5308,E,1,08,1.0,53.7,M,0.0,M,,*6E
$GPRMC,000115.80,A,3954.7688,N,11622.5308,E,19.44,176.04,010170,,*07
$GPGGA,000115.80,3954.7688,N,11622.5308,E,1,08,1.0,53.7,M,0.0,M,,*6B
$GPRMC,000115.90,A,3954.7682,N,11622.5309,E,19.80,176.04,010170,,*05
$GPGGA,000115.90,3954.7682,N,11622.5309,E,1,08,1.0,53.7,M,0.0,M,,*61
$GPRMC,000116.00,A,3954.7677,N,11622.5309,E,20.17,176.04,010170,,*01
$GPGGA,000116.00,3954.7677,N,11622.5309,E,1,08,1.0,53.7,M,0.0,M,,*61
$GPRMC,000116.10,A,3954.7671,N,11622.5310,E,20.54,176.04,010170,,*09
$GPGGA,000116.10,3954.7671,N,11622.5310,E,1,08,1.0,53.7,M,0.0,M,,*6E
$GPRMC,000116.20,A,3954.7665,N,11622.5310,E,20.90,176.04,010170,,*07
$GPGGA,000116.20,3954.7665,N,11622.5310,E,1,08,1.0,53.7,M,0.0,M,,*68
$GPRMC,000116.30,A,3954.7660,N,11622.5311,E,21.27,176.04,010170,,*0F
$GPGGA,000116.30,3954.7660,N,11622.5311,E,1,08,1.0,53.7,M,0.0,M,,*6D
$GPRMC,000116.40,A,3954.7654,N,11622.5311,E,21.64,176.04,010170,,*08
$GPGGA,000116.40,3954.7654,N,11622.5311,E,1,08,1.0,53.7,M,0.0,M,,*6D
$GPRMC,000116.50,A,3954.7648,N,11622.5312,E,22.01,176.04,010170,,*07
$GPGGA,000116.50,3954.7648,N,11622.5312,E,1,08,1.0,53.7,M,0.0,M,,*62
$GPRMC,000116.60,A,3954.7641,N,11622.5312,E,22.37,176.04,010170,,*08
$GPGGA,000116.60,3954.7641,N,11622.5312,E,1,08,1.0,53.7,M,0.0,M,,*68
$GPRMC,000116.70,A,3954.7635,N,11622.5313,E,22.74,176.04,010170,,*0C
$GPGGA,000116.70,3954.7635,N,11622.5313,E,1,08,1.0,53.7,M,0.0,M,,*6B
$GPRMC,000116.80,A,3954.7629,N,11622.5313,E,23.11,176.04,010170,,*0C
$GPGGA,000116.80,3954.7629,N,11622.5313,E,1,08,1.0,53.7,M,0.0,M,,*69
$GPRMC,000116.90,A,3954.7622,N,11622.5314,E,23.47,176.04,010170,,*02
$GPGGA,000116.90,3954.7622,N,11622.5314,E,1,08,1.0,53.7,M,0.0,M,,*64
$GPRMC,000117.00,A,3954.7616,N,11622.5315,E,23.84,176.04,010170,,*03
$GPGGA,000117.00,3954.7616,N,11622.5315,E,1,08,1.0,53.7,M,0.0,M,,*6A
$GPRMC,000117.10,A,3954.7609,N,11622.5315,E,24.21,176.04,010170,,*04
$GPGGA,000117.10,3954.7609,N,11622.5315,E,1,08,1.0,53.7,M,0.0,M,,*65
$GPRMC,000117.20,A,3954.7602,N,11622.5316,E,24.57,176.04,010170,,*0E
$GPGGA,000117.20,3954.7602,N,11622.5316,E,1,08,1.0,53.7,M,0.0,M,,*6E
$GPRMC,000117.30,A,3954.7596,N,11622.5316,E,24.94,176.04,010170,,*0E
$GPGGA,000117.30,3954.7596,N,11622.5316,E,1,08,1.0,53.7,M,0.0,M,,*61
$GPRMC,000117.40,A,3954.7589,N,11622.5317,E,25.31,176.04,010170,,*08
$GPGGA,000117.40,3954.7589,N,11622.5317,E,1,08,1.0,53.7,M,0.0,M,,*69
$GPRMC,000117.50,A,3954.7582,N,11622.5318,E,25.68,176.04,010170,,*01
$GPGGA,000117.50,3954.7582,N,11622.5318,E,1,08,1.0,53.7,M,0.0,M,,*6C
$GPRMC,000117.60,A,3954.7574,N,11622.5318,E,26.04,176.04,010170,,*02
$GPGGA,000117.60,3954.7574,N,11622.5318,E,1,08,1.0,53.7,M,0.0,M,,*66
$GPRMC,000117.70,A,3954.7567,N,11622.5319,E,26.41,176.04,010170,,*01
$GPGGA,000117.70,3954.7567,N,11622.5319,E,1,08,1.0,53.7,M,0.0,M,,*64
$GPRMC,000117.80,A,3954.7560,N,11622.5320,E,26.78,176.04,010170,,*09
$GPGGA,000117.80,3954.7560,N,11622.5320,E,1,08,1.0,53.7,M,0.0,M,,*66
$GPRMC,000117.90,A,3954.7552,N,11622.5320,E,27.14,176.04,010170,,*02
$GPGGA,000117.90,3954.7552,N,11622.5320,E,1,08,1.0,53.7,M,0.0,M,,*66
$GPRMC,000118.00,A,3954.7545,N,11622.5321,E,27.51,176.04,010170,,*02
$GPGGA,000118.00,3954.7545,N,11622.5321,E,1,08,1.0,53.7,M,0.0,M,,*67
$GPRMC,000118.10,A,3954.7537,N,11622.5322,E,27.87,176.70,010170,,*0D
$GPGGA,000118.10,3954.7537,N,11622.5322,E,1,08,1.0,53.7,M,0.0,M,,*60
$GPRMC,000118.20,A,3954.7529,N,11622.5322,E,28.23,178.36,010170,,*0C
$GPGGA,000118.20,3954.7529,N,11622.5322,E,1,08,1.0,53.7,M,0.0,M,,*6C
$GPRMC,000118.30,A,3954.7521,N,11622.5322,E,28.61,179.35,010170,,*01
$GPGGA,000118.30,3954.7521,N,11622.5322,E,1,08,1.0,53.7,M,0.0,M,,*65
$GPRMC,000118.40,A,3954.7513,N,11622.5322,E,28.98,179.35,010170,,*01
$GPGGA,000118.40,3954.7513,N,11622.5322,E,1,08,1.0,53.7,M,0.0,M,,*63
$GPRMC,000118.50,A,3954.7505,N,11622.5323,E,29.35,179.35,010170,,*00
$GPGGA,000118.50,3954.7505,N,11622.5323,E,1,08,1.0,53.7,M,0.0,M,,*64
$GPRMC,000118.60,A,3954.7497,N,11622.5323,E,29.71,179.35,010170,,*09
$GPGGA,000118.60,3954.7497,N,11622.5323,E,1,08,1.0,53.7,M,0.0,M,,*6D
$GPRMC,000118.70,A,3954.7489,N,11622.5323,E,30.08,179.35,010170,,*01
$GPGGA,000118.70,3954.7489,N,11622.5323,E,1,08,1.0,53.7,M,0.0,M,,*63
$GPRMC,000118.80,A,3954.7480,N,11622.5323,E,30.45,179.35,010170,,*0E
$GPGGA,000118.80,3954.7480,N,11622.5323,E,1,08,1.0,53.7,M,0.0,M,,*65
$GPRMC,000118.90,A,3954.7472,N,11622.5323,E,30.81,179.35,010170,,*0A
$GPGGA,000118.90,3954.7472,N,11622.5323,E,1,08,1.0,53.7,M,0.0,M,,*69
$GPRMC,000119.00,A,3954.7463,N,11622.5323,E,31.18,179.35,010170,,*03
$GPGGA,000119.00,3954.7463,N,11622.5323,E,1,08,1.0,53.7,M,0.0,M,,*61
$GPRMC,000119.10,A,3954.7455,N,11622.5323,E,31.55,179.35,010170,,*0E
$GPGGA,000119.10,3954.7455,N,11622.5323,E,1,08,1.0,53.7,M,0.0,M,,*65
$GPRMC,000119.20,A,3954.7446,N,11622.5323,E,31.91,179.35,010170,,*07
$GPGGA,000119.20,3954.7446,N,11622.5323,E,1,08,1.0,53.7,M,0.0,M,,*64
$GPRMC,000119.30,A,3954.7437,N,11622.5324,E,32.28,179.35,010170,,*06
$GPGGA,000119.30,3954.7437,N,11622.5324,E,1,08,1.0,53.7,M,0.0,M,,*64
$GPRMC,000119.40,A,3954.7428,N,11622.5324,E,32.65,179.35,010170,,*06
$GPGGA,000119.40,3954.7428,N,11622.5324,E,1,08,1.0,53.7,M,0.0,M,,*6D
$GPRMC,000119.50,A,3954.7419,N,11622.5324,E,33.02,179.35,010170,,*05
$GPGGA,000119.50,3954.7419,N,11622.5324,E,1,08,1.0,53.7,M,0.0,M,,*6E
$GPRMC,000119.60,A,3954.7410,N,11622.5324,E,33.38,179.35,010170,,*06
$GPGGA,000119.60,3954.7410,N,11622.5324,E,1,08,1.0,53.7,M,0.0,M,,*64
$GPRMC,000119.70,A,3954.7400,N,11622.5324,E,33.75,179.35,010170,,*0F
$GPGGA,000119.70,3954.7400,N,11622.5324,E,1,08,1.0,53.7,M,0.0,M,,*64
$GPRMC,000119.80,A,3954.7391,N,11622.5324,E,34.12,179.35,010170,,*09
$GPGGA,000119.80,3954.7391,N,11622.5324,E,1,08,1.0,53.7,M,0.0,M,,*64
$GPRMC,000119.90,A,3954.7381,N,11622.5324,E,34.48,179.35,010170,,*06
$GPGGA,000119.90,3954.7381,N,11622.5324,E,1,08,1.0,53.7,M,0.0,M,,*64
$GPRMC,000120.00,A,3954.7372,N,11622.5325,E,34.85,179.35,010170,,*09
$GPGGA,000120.00,3954.7372,N,11622.5325,E,1,08,1.0,53.7,M,0.0,M,,*6A
$GPRMC,000120.10,A,3954.7362,N,11622.5325,E,35.22,179.35,010170,,*05
$GPGGA,000120.10,3954.7362,N,11622.5325,E,1,08,1.0,53.8,M,0.0,M,,*65
$GPRMC,000120.20,A,3954.7352,N,11622.5325,E,35.58,179.35,010170,,*08
$GPGGA,000120.20,3954.7352,N,11622.5325,E,1,08,1.0,53.8,M,0.0,M,,*65
$GPRMC,000120.30,A,3954.7342,N,11622.5325,E,35.95,179.35,010170,,*09
$GPGGA,000120.30,3954.7342,N,11622.5325,E,1,08,1.0,53.8,M,0.0,M,,*65
$GPRMC,000120.40,A,3954.7332,N,11622.5325,E,36.32,179.35,010170,,*07
$GPGGA,000120.40,3954.7332,N,11622.5325,E,1,08,1.0,53.8,M,0.0,M,,*65
$GPRMC,000120.50,A,3954.7322,N,11622.5325,E,36.68,179.35,010170,,*08
$GPGGA,000120.50,3954.7322,N,11622.5325,E,1,08,1.0,53.8,M,0.0,M,,*65
$GPRMC,000120.60,A,3954.7312,N,11622.5325,E,37.05,179.35,010170,,*02
$GPGGA,000120.60,3954.7312,N,11622.5325,E,1,08,1.0,53.8,M,0.0,M,,*65
$GPRMC,000120.70,A,3954.7301,N,11622.5326,E,37.42,179.35,010170,,*01
$GPGGA,000120.70,3954.7301,N,11622.5326,E,1,08,1.0,53.8,M,0.0,M,,*65
$GPRMC,000120.80,A,3954.7291,N,11622.5326,E,37.79,179.35,010170,,*0E
$GPGGA,000120.80,3954.7291,N,11622.5326,E,1,08,1.0,53.8,M,0.0,M,,*62
$GPRMC,000120.90,A,3954.7281,N,11622.5326,E,38.15,179.35,010170,,*0B
$GPGGA,000120.90,3954.7281,N,11622.5326,E,1,08,1.0,53.8,M,0.0,M,,*62
$GPRMC,000121.00,A,3954.7270,N,11622.5326,E,38.52,179.35,010170,,*0E
$GPGGA,000121.00,3954.7270,N,11622.5326,E,1,08,1.0,53.8,M,0.0,M,,*64
$GPRMC,000121.10,A,3954.7259,N,11622.5326,E,38.89,179.35,010170,,*02
$GPGGA,000121.10,3954.7259,N,11622.5326,E,1,08,1.0,53.8,M,0.0,M,,*6E
$GPRMC,000121.20,A,3954.7248,N,11622.5326,E,39.25,179.35,010170,,*06
$GPGGA,000121.20,3954.7248,N,11622.5326,E,1,08,1.0,53.8,M,0.0,M,,*6D
$GPRMC,000121.30,A,3954.7237,N,11622.5327,E,39.62,179.35,010170,,*0D
$GPGGA,000121.30,3954.7237,N,11622.5327,E,1,08,1.0,53.8,M,0.0,M,,*65
$GPRMC,000121.40,A,3954.7226,N,11622.5327,E,39.99,179.35,010170,,*0E
$GPGGA,000121.40,3954.7226,N,11622.5327,E,1,08,1.0,53.8,M,0.0,M,,*62
$GPRMC,000121.50,A,3954.7215,N,11622.5327,E,40.35,179.22,010170,,*01
$GPGGA,000121.50,3954.7215,N,11622.5327,E,1,08,1.0,53.8,M,0.0,M,,*63
$GPRMC,000121.60,A,3954.7204,N,11622.5327,E,40.72,178.66,010170,,*00
$GPGGA,000121.60,3954.7204,N,11622.5327,E,1,08,1.0,53.8,M,0.0,M,,*60
$GPRMC,000121.70,A,3954.7193,N,11622.5328,E,41.09,178.23,010170,,*0F
$GPGGA,000121.70,3954.7193,N,11622.5328,E,1,08,1.0,53.8,M,0.0,M,,*63
$GPRMC,000121.80,A,3954.7181,N,11622.5328,E,41.46,178.23,010170,,*08
$GPGGA,000121.80,3954.7181,N,11622.5328,E,1,08,1.0,53.8,M,0.0,M,,*6F
$GPRMC,000121.90,A,3954.7170,N,11622.5328,E,41.82,178.23,010170,,*0F
$GPGGA,000121.90,3954.7170,N,11622.5328,E,1,08,1.0,53.8,M,0.0,M,,*60
$GPRMC,000122.00,A,3954.7158,N,11622.5329,E,42.19,178.23,010170,,*0F
$GPGGA,000122.00,3954.7158,N,11622.5329,E,1,08,1.0,53.8,M,0.0,M,,*61
$GPRMC,000122.10,A,3954.7146,N,11622.5329,E,42.56,178.23,010170,,*0A
$GPGGA,000122.10,3954.7146,N,11622.5329,E,1,08,1.0,53.8,M,0.0,M,,*6F
$GPRMC,000122.20,A,3954.7134,N,11622.5330,E,42.92,178.23,010170,,*0C
$GPGGA,000122.20,3954.7134,N,11622.5330,E,1,08,1.0,53.8,M,0.0,M,,*61
$GPRMC,000122.30,A,3954.7122,N,11622.5330,E,43.29,178.23,010170,,*0B
$GPGGA,000122.30,3954.7122,N,11622.5330,E,1,08,1.0,53.8,M,0.0,M,,*67
$GPRMC,000122.40,A,3954.7110,N,11622.5331,E,43.66,178.23,010170,,*07
$GPGGA,000122.40,3954.7110,N,11622.5331,E,1,08,1.0,53.8,M,0.0,M,,*60
$GPRMC,000122.50,A,3954.7098,N,11622.5331,E,44.02,178.23,010170,,*02
$GPGGA,000122.50,3954.7098,N,11622.5331,E,1,08,1.0,53.7,M,0.0,M,,*6F
$GPRMC,000122.60,A,3954.7086,N,11622.5332,E,44.39,178.23,010170,,*05
$GPGGA,000122.60,3954.7086,N,11622.5332,E,1,08,1.0,53.7,M,0.0,M,,*60
$GPRMC,000122.70,A,3954.7073,N,11622.5332,E,44.76,178.23,010170,,*05
$GPGGA,000122.70,3954.7073,N,11622.5332,E,1,08,1.0,53.7,M,0.0,M,,*6B
$GPRMC,000122.80,A,3954.7061,N,11622.5333,E,45.13,178.23,010170,,*0A
$GPGGA,000122.80,3954.7061,N,11622.5333,E,1,08,1.0,53.7,M,0.0,M,,*66
$GPRMC,000122.90,A,3954.7048,N,11622.5333,E,45.49,178.23,010170,,*0F
$GPGGA,000122.90,3954.7048,N,11622.5333,E,1,08,1.0,53.7,M,0.0,M,,*6C
$GPRMC,000123.00,A,3954.7036,N,11622.5334,E,45.86,178.23,010170,,*0A
$GPGGA,000123.00,3954.7036,N,11622.5334,E,1,08,1.0,53.7,M,0.0,M,,*6A
$GPRMC,000123.10,A,3954.7023,N,11622.5334,E,46.23,178.30,010170,,*01
$GPGGA,000123.10,3954.7023,N,11622.5334,E,1,08,1.0,53.7,M,0.0,M,,*6F
$GPRMC,000123.20,A,3954.7010,N,11622.5335,E,46.59,178.65,010170,,*0E
$GPGGA,000123.20,3954.7010,N,11622.5335,E,1,08,1.0,53.7,M,0.0,M,,*6D
$GPRMC,000123.30,A,3954.6997,N,11622.5335,E,46.96,178.92,010170,,*03
$GPGGA,000123.30,3954.6997,N,11622.5335,E,1,08,1.0,53.7,M,0.0,M,,*6B
$GPRMC,000123.40,A,3954.6984,N,11622.5336,E,47.33,178.92,010170,,*0B
$GPGGA,000123.40,3954.6984,N,11622.5336,E,1,08,1.0,53.7,M,0.0,M,,*6D
$GPRMC,000123.50,A,3954.6971,N,11622.5336,E,47.69,178.92,010170,,*0F
$GPGGA,000123.50,3954.6971,N,11622.5336,E,1,08,1.0,53.7,M,0.0,M,,*66
$GPRMC,000123.60,A,3954.6958,N,11622.5336,E,48.06,178.92,010170,,*01
$GPGGA,000123.60,3954.6958,N,11622.5336,E,1,08,1.0,53.7,M,0.0,M,,*6E
$GPRMC,000123.70,A,3954.6944,N,11622.5336,E,48.43,178.92,010170,,*0C
$GPGGA,000123.70,3954.6944,N,11622.5336,E,1,08,1.0,53.7,M,0.0,M,,*62
$GPRMC,000123.80,A,3954.6931,N,11622.5337,E,48.80,178.92,010170,,*0F
$GPGGA,000123.80,3954.6931,N,11622.5337,E,1,08,1.0,53.6,M,0.0,M,,*6F
$GPRMC,000123.90,A,3954.6917,N,11622.5337,E,49.16,178.92,010170,,*04
$GPGGA,000123.90,3954.6917,N,11622.5337,E,1,08,1.0,53.6,M,0.0,M,,*6A
$GPRMC,000124.00,A,3954.6903,N,11622.5337,E,49.53,178.92,010170,,*0E
$GPGGA,000124.00,3954.6903,N,11622.5337,E,1,08,1.0,53.6,M,0.0,M,,*61
$GPRMC,000124.10,A,3954.6890,N,11622.5338,E,49.90,178.92,010170,,*04
$GPGGA,000124.10,3954.6890,N,11622.5338,E,1,08,1.0,53.6,M,0.0,M,,*64
$GPRMC,000124.20,A,3954.6876,N,11622.5338,E,50.26,178.72,010170,,*04
$GPGGA,000124.20,3954.6876,N,11622.5338,E,1,08,1.0,53.6,M,0.0,M,,*6F
$GPRMC,000124.30,A,3954.6862,N,11622.5339,E,50.63,178.14,010170,,*00
$GPGGA,000124.30,3954.6862,N,11622.5339,E,1,08,1.0,53.6,M,0.0,M,,*6A
$GPRMC,000124.40,A,3954.6848,N,11622.5339,E,51.00,177.76,010170,,*00
$GPGGA,000124.40,3954.6848,N,11622.5339,E,1,08,1.0,53.6,M,0.0,M,,*65
$GPRMC,000124.50,A,3954.6833,N,11622.5340,E,51.36,177.76,010170,,*06
$GPGGA,000124.50,3954.6833,N,11622.5340,E,1,08,1.0,53.6,M,0.0,M,,*66
$GPRMC,000124.60,A,3954.6819,N,11622.5341,E,51.73,177.76,010170,,*0D
$GPGGA,000124.60,3954.6819,N,11622.5341,E,1,08,1.0,53.6,M,0.0,M,,*6C
$GPRMC,000124.70,A,3954.6805,N,11622.5342,E,52.10,177.76,010170,,*04
$GPGGA,000124.70,3954.6805,N,11622.5342,E,1,08,1.0,53.5,M,0.0,M,,*60
$GPRMC,000124.80,A,3954.6790,N,11622.5342,E,52.46,177.76,010170,,*0B
$GPGGA,000124.80,3954.6790,N,11622.5342,E,1,08,1.0,53.5,M,0.0,M,,*6C
$GPRMC,000124.90,A,3954.6776,N,11622.5343,E,52.83,177.76,010170,,*0A
$GPGGA,000124.90,3954.6776,N,11622.5343,E,1,08,1.0,53.5,M,0.0,M,,*64
$GPRMC,000125.00,A,3954.6761,N,11622.5344,E,53.20,177.76,010170,,*0B
$GPGGA,000125.00,3954.6761,N,11622.5344,E,1,08,1.0,53.5,M,0.0,M,,*6D
$GPRMC,000125.10,A,3954.6746,N,11622.5345,E,53.57,177.76,010170,,*0E
$GPGGA,000125.10,3954.6746,N,11622.5345,E,1,08,1.0,53.5,M,0.0,M,,*68
$GPRMC,000125.20,A,3954.6731,N,11622.5345,E,53.93,177.76,010170,,*05
$GPGGA,000125.20,3954.6731,N,11622.5345,E,1,08,1.0,53.5,M,0.0,M,,*6B
$GPRMC,000125.30,A,3954.6716,N,11622.5346,E,54.30,177.76,010170,,*0C
$GPGGA,000125.30,3954.6716,N,11622.5346,E,1,08,1.0,53.5,M,0.0,M,,*6C
$GPRMC,000125.40,A,3954.6701,N,11622.5347,E,54.67,177.76,010170,,*0E
$GPGGA,000125.40,3954.6701,N,11622.5347,E,1,08,1.0,53.4,M,0.0,M,,*6D
$GPRMC,000125.50,A,3954.6686,N,11622.5348,E,55.03,177.76,010170,,*0D
$GPGGA,000125.50,3954.6686,N,11622.5348,E,1,08,1.0,53.4,M,0.0,M,,*6D
$GPRMC,000125.60,A,3954.6671,N,11622.5348,E,55.40,177.76,010170,,*01
$GPGGA,000125.60,3954.6671,N,11622.5348,E,1,08,1.0,53.4,M,0.0,M,,*66
$GPRMC,000125.70,A,3954.6655,N,11622.5349,E,55.77,177.76,010170,,*03
$GPGGA,000125.70,3954.6655,N,11622.5349,E,1,08,1.0,53.4,M,0.0,M,,*60
$GPRMC,000125.80,A,3954.6640,N,11622.5350,E,56.13,177.76,010170,,*01
$GPGGA,000125.80,3954.6640,N,11622.5350,E,1,08,1.0,53.4,M,0.0,M,,*63
$GPRMC,000125.90,A,3954.6624,N,11622.5351,E,56.50,177.76,010170,,*04
$GPGGA,000125.90,3954.6624,N,11622.5351,E,1,08,1.0,53.4,M,0.0,M,,*61
$GPRMC,000126.00,A,3954.6608,N,11622.5352,E,56.87,177.76,010170,,*09
$GPGGA,000126.00,3954.6608,N,11622.5352,E,1,08,1.0,53.4,M,0.0,M,,*66
$GPRMC,000126.10,A,3954.6592,N,11622.5352,E,57.24,177.76,010170,,*00
$GPGGA,000126.10,3954.6592,N,11622.5352,E,1,08,1.0,53.3,M,0.0,M,,*60
$GPRMC,000126.20,A,3954.6576,N,11622.5353,E,57.60,177.76,010170,,*08
$GPGGA,000126.20,3954.6576,N,11622.5353,E,1,08,1.0,53.3,M,0.0,M,,*68
$GPRMC,000126.30,A,3954.6560,N,11622.5354,E,57.97,177.76,010170,,*01
$GPGGA,000126.30,3954.6560,N,11622.5354,E,1,08,1.0,53.3,M,0.0,M,,*69
$GPRMC,000126.40,A,3954.6544,N,11622.5355,E,58.20,177.30,010170,,*00
$GPGGA,000126.40,3954.6544,N,11622.5355,E,1,08,1.0,53.3,M,0.0,M,,*69
$GPRMC,000126.50,A,3954.6528,N,11622.5356,E,58.25,176.49,010170,,*02
$GPGGA,000126.50,3954.6528,N,11622.5356,E,1,08,1.0,53.3,M,0.0,M,,*61
$GPRMC,000126.60,A,3954.6512,N,11622.5357,E,58.25,176.13,010170,,*06
$GPGGA,000126.60,3954.6512,N,11622.5357,E,1,08,1.0,53.3,M,0.0,M,,*6A
$GPRMC,000126.70,A,3954.6496,N,11622.5359,E,58.25,176.13,010170,,*04
$GPGGA,000126.70,3954.6496,N,11622.5359,E,1,08,1.0,53.2,M,0.0,M,,*69
$GPRMC,000126.80,A,3954.6480,N,11622.5360,E,58.25,176.13,010170,,*06
$GPGGA,000126.80,3954.6480,N,11622.5360,E,1,08,1.0,53.2,M,0.0,M,,*6B
$GPRMC,000126.90,A,3954.6464,N,11622.5362,E,58.25,176.13,010170,,*0F
$GPGGA,000126.90,3954.6464,N,11622.5362,E,1,08,1.0,53.2,M,0.0,M,,*62
$GPRMC,000127.00,A,3954.6448,N,11622.5363,E,58.25,176.13,010170,,*08
$GPGGA,000127.00,3954.6448,N,11622.5363,E,1,08,1.0,53.2,M,0.0,M,,*65
$GPRMC,000127.10,A,3954.6431,N,11622.5365,E,58.25,176.13,010170,,*01
$GPGGA,000127.10,3954.6431,N,11622.5365,E,1,08,1.0,53.1,M,0.0,M,,*6F
$GPRMC,000127.20,A,3954.6415,N,11622.5366,E,58.25,176.13,010170,,*07
$GPGGA,000127.20,3954.6415,N,11622.5366,E,1,08,1.0,53.1,M,0.0,M,,*69
$GPRMC,000127.30,A,3954.6399,N,11622.5367,E,58.25,176.13,010170,,*04
$GPGGA,000127.30,3954.6399,N,11622.5367,E,1,08,1.0,53.1,M,0.0,M,,*6A
$GPRMC,000127.40,A,3954.6383,N,11622.5369,E,58.25,176.13,010170,,*06
$GPGGA,000127.40,3954.6383,N,11622.5369,E,1,08,1.0,53.0,M,0.0,M,,*69
$GPRMC,000127.50,A,3954.6367,N,11622.5370,E,58.25,176.13,010170,,*05
$GPGGA,000127.50,3954.6367,N,11622.5370,E,1,08,1.0,53.0,M,0.0,M,,*6A
$GPRMC,000127.60,A,3954.6351,N,11622.5372,E,58.25,176.13,010170,,*01
$GPGGA,000127.60,3954.6351,N,11622.5372,E,1,08,1.0,53.0,M,0.0,M,,*6E
$GPRMC,000127.70,A,3954.6335,N,11622.5373,E,58.25,176.13,010170,,*03
$GPGGA,000127.70,3954.6335,N,11622.5373,E,1,08,1.0,53.0,M,0.0,M,,*6C
$GPRMC,000127.80,A,3954.6318,N,11622.5375,E,58.25,176.13,010170,,*05
$GPGGA,000127.80,3954.6318,N,11622.5375,E,1,08,1.0,52.9,M,0.0,M,,*62
$GPRMC,000127.90,A,3954.6302,N,11622.5376,E,58.25,176.13,010170,,*0C
$GPGGA,000127.90,3954.6302,N,11622.5376,E,1,08,1.0,52.9,M,0.0,M,,*6B
$GPRMC,000128.00,A,3954.6286,N,11622.5377,E,58.25,176.13,010170,,*06
$GPGGA,000128.00,3954.6286,N,11622.5377,E,1,08,1.0,52.9,M,0.0,M,,*61
$GPRMC,000128.10,A,3954.6270,N,11622.5379,E,58.25,176.13,010170,,*00
$GPGGA,000128.10,3954.6270,N,11622.5379,E,1,08,1.0,52.8,M,0.0,M,,*66
$GPRMC,000128.20,A,3954.6254,N,11622.5380,E,58.25,176.13,010170,,*03
$GPGGA,000128.20,3954.6254,N,11622.5380,E,1,08,1.0,52.8,M,0.0,M,,*65
$GPRMC,000128.30,A,3954.6238,N,11622.5382,E,58.25,176.13,010170,,*0A
$GPGGA,000128.30,3954.6238,N,11622.5382,E,1,08,1.0,52.8,M,0.0,M,,*6C
$GPRMC,000128.40,A,3954.6222,N,11622.5383,E,58.25,176.13,010170,,*07
$GPGGA,000128.40,3954.6222,N,11622.5383,E,1,08,1.0,52.8,M,0.0,M,,*61
$GPRMC,000128.50,A,3954.6206,N,11622.5384,E,58.25,176.13,010170,,*07
$GPGGA,000128.50,3954.6206,N,11622.5384,E,1,08,1.0,52.7,M,0.0,M,,*6E
$GPRMC,000128.60,A,3954.6189,N,11622.5386,E,58.25,176.13,010170,,*02
$GPGGA,000128.60,3954.6189,N,11622.5386,E,1,08,1.0,52.7,M,0.0,M,,*6B
$GPRMC,000128.70,A,3954.6173,N,11622.5387,E,58.25,176.13,010170,,*07
$GPGGA,000128.70,3954.6173,N,11622.5387,E,1,08,1.0,52.7,M,0.0,M,,*6E
$GPRMC,000128.80,A,3954.6157,N,11622.5389,E,58.25,176.13,010170,,*00
$GPGGA,000128.80,3954.6157,N,11622.5389,E,1,08,1.0,52.6,M,0.0,M,,*68
$GPRMC,000128.90,A,3954.6141,N,11622.5390,E,58.25,176.13,010170,,*0E
$GPGGA,000128.90,3954.6141,N,11622.5390,E,1,08,1.0,52.6,M,0.0,M,,*66
$GPRMC,000129.00,A,3954.6125,N,11622.5392,E,58.25,176.13,010170,,*06
$GPGGA,000129.00,3954.6125,N,11622.5392,E,1,08,1.0,52.6,M,0.0,M,,*6E
$GPRMC,000129.10,A,3954.6109,N,11622.5393,E,58.25,176.13,010170,,*08
$GPGGA,000129.10,3954.6109,N,11622.5393,E,1,08,1.0,52.5,M,0.0,M,,*63
$GPRMC,000129.20,A,3954.6093,N,11622.5394,E,58.25,176.13,010170,,*0E
$GPGGA,000129.20,3954.6093,N,11622.5394,E,1,08,1.0,52.5,M,0.0,M,,*65
$GPRMC,000129.30,A,3954.6076,N,11622.5396,E,58.25,176.13,010170,,*06
$GPGGA,000129.30,3954.6076,N,11622.5396,E,1,08,1.0,52.5,M,0.0,M,,*6D
$GPRMC,000129.40,A,3954.6060,N,11622.5397,E,58.25,176.13,010170,,*07
$GPGGA,000129.40,3954.6060,N,11622.5397,E,1,08,1.0,52.5,M,0.0,M,,*6C
$GPRMC,000129.50,A,3954.6044,N,11622.5399,E,58.25,176.13,010170,,*0E
$GPGGA,000129.50,3954.6044,N,11622.5399,E,1,08,1.0,52.4,M,0.0,M,,*64
$GPRMC,000129.60,A,3954.6028,N,11622.5400,E,58.25,176.13,010170,,*00
$GPGGA,000129.60,3954.6028,N,11622.5400,E,1,08,1.0,52.4,M,0.0,M,,*6A
$GPRMC,000129.70,A,3954.6012,N,11622.5402,E,58.25,176.13,010170,,*0A
$GPGGA,000129.70,3954.6012,N,11622.5402,E,1,08,1.0,52.4,M,0.0,M,,*60
$GPRMC,000129.80,A,3954.5996,N,11622.5403,E,58.25,176.13,010170,,*02
$GPGGA,000129.80,3954.5996,N,11622.5403,E,1,08,1.0,52.3,M,0.0,M,,*6F
$GPRMC,000129.90,A,3954.5980,N,11622.5404,E,58.25,176.13,010170,,*03
$GPGGA,000129.90,3954.5980,N,11622.5404,E,1,08,1.0,52.3,M,0.0,M,,*6E
$GPRMC,000130.00,A,3954.5964,N,11622.5406,E,58.25,176.13,010170,,*0A
$GPGGA,000130.00,3954.5964,N,11622.5406,E,1,08,1.0,52.3,M,0.0,M,,*67
$GPRMC,000130.10,A,3954.5947,N,11622.5407,E,58.25,176.13,010170,,*0B
$GPGGA,000130.10,3954.5947,N,11622.5407,E,1,08,1.0,52.3,M,0.0,M,,*66
$GPRMC,000130.20,A,3954.5931,N,11622.5409,E,58.25,176.13,010170,,*07
$GPGGA,000130.20,3954.5931,N,11622.5409,E,1,08,1.0,52.2,M,0.0,M,,*6B
$GPRMC,000130.30,A,3954.5915,N,11622.5410,E,58.25,176.13,010170,,*08
$GPGGA,000130.30,3954.5915,N,11622.5410,E,1,08,1.0,52.2,M,0.0,M,,*64
$GPRMC,000130.40,A,3954.5899,N,11622.5412,E,58.25,176.13,010170,,*08
$GPGGA,000130.40,3954.5899,N,11622.5412,E,1,08,1.0,52.2,M,0.0,M,,*64
$GPRMC,000130.50,A,3954.5883,N,11622.5413,E,58.25,176.13,010170,,*03
$GPGGA,000130.50,3954.5883,N,11622.5413,E,1,08,1.0,52.1,M,0.0,M,,*6C
$GPRMC,000130.60,A,3954.5867,N,11622.5414,E,58.13,173.00,010170,,*0F
$GPGGA,000130.60,3954.5867,N,11622.5414,E,1,08,1.0,52.1,M,0.0,M,,*62
$GPRMC,000130.70,A,3954.5851,N,11622.5418,E,58.22,169.34,010170,,*09
$GPGGA,000130.70,3954.5851,N,11622.5418,E,1,08,1.0,52.1,M,0.0,M,,*6A
$GPRMC,000130.80,A,3954.5835,N,11622.5422,E,58.25,168.81,010170,,*05
$GPGGA,000130.80,3954.5835,N,11622.5422,E,1,08,1.0,52.1,M,0.0,M,,*6E
$GPRMC,000130.90,A,3954.5819,N,11622.5426,E,58.25,168.81,010170,,*0E
$GPGGA,000130.90,3954.5819,N,11622.5426,E,1,08,1.0,52.1,M,0.0,M,,*65
$GPRMC,000131.00,A,3954.5803,N,11622.5430,E,58.25,168.81,010170,,*0A
$GPGGA,000131.00,3954.5803,N,11622.5430,E,1,08,1.0,52.1,M,0.0,M,,*61
$GPRMC,000131.10,A,3954.5787,N,11622.5434,E,58.25,168.81,010170,,*0C
$GPGGA,000131.10,3954.5787,N,11622.5434,E,1,08,1.0,52.1,M,0.0,M,,*67
$GPRMC,000131.20,A,3954.5772,N,11622.5439,E,58.25,168.81,010170,,*08
$GPGGA,000131.20,3954.5772,N,11622.5439,E,1,08,1.0,52.0,M,0.0,M,,*62
$GPRMC,000131.30,A,3954.5756,N,11622.5443,E,58.25,168.81,010170,,*02
$GPGGA,000131.30,3954.5756,N,11622.5443,E,1,08,1.0,52.0,M,0.0,M,,*68
$GPRMC,000131.40,A,3954.5740,N,11622.5447,E,58.25,168.81,010170,,*06
$GPGGA,000131.40,3954.5740,N,11622.5447,E,1,08,1.0,52.0,M,0.0,M,,*6C
$GPRMC,000131.50,A,3954.5724,N,11622.5451,E,58.25,168.81,010170,,*02
$GPGGA,000131.50,3954.5724,N,11622.5451,E,1,08,1.0,52.0,M,0.0,M,,*68
$GPRMC,000131.60,A,3954.5708,N,11622.5455,E,58.25,168.81,010170,,*0B
$GPGGA,000131.60,3954.5708,N,11622.5455,E,1,08,1.0,52.0,M,0.0,M,,*61
$GPRMC,000131.70,A,3954.5692,N,11622.5459,E,58.25,168.81,010170,,*04
$GPGGA,000131.70,3954.5692,N,11622.5459,E,1,08,1.0,52.0,M,0.0,M,,*6E
$GPRMC,000131.80,A,3954.5676,N,11622.5463,E,58.25,168.81,010170,,*08
$GPGGA,000131.80,3954.5676,N,11622.5463,E,1,08,1.0,52.0,M,0.0,M,,*62
$GPRMC,000131.90,A,3954.5660,N,11622.5467,E,58.25,168.81,010170,,*0A
$GPGGA,000131.90,3954.5660,N,11622.5467,E,1,08,1.0,52.0,M,0.0,M,,*60
$GPRMC,000132.00,A,3954.5645,N,11622.5471,E,58.25,168.81,010170,,*00
$GPGGA,000132.00,3954.5645,N,11622.5471,E,1,08,1.0,52.0,M,0.0,M,,*6A
$GPRMC,000132.10,A,3954.5629,N,11622.5475,E,58.25,168.81,010170,,*0F
$GPGGA,000132.10,3954.5629,N,11622.5475,E,1,08,1.0,52.0,M,0.0,M,,*65
$GPRMC,000132.20,A,3954.5613,N,11622.5479,E,58.25,168.81,010170,,*09
$GPGGA,000132.20,3954.5613,N,11622.5479,E,1,08,1.0,52.0,M,0.0,M,,*63
$GPRMC,000132.30,A,3954.5597,N,11622.5484,E,58.25,168.81,010170,,*05
$GPGGA,000132.30,3954.5597,N,11622.5484,E,1,08,1.0,52.0,M,0.0,M,,*6F
$GPRMC,000132.40,A,3954.5581,N,11622.5488,E,58.25,168.81,010170,,*09
$GPGGA,000132.40,3954.5581,N,11622.5488,E,1,08,1.0,51.9,M,0.0,M,,*69
$GPRMC,000132.50,A,3954.5565,N,11622.5492,E,58.25,168.81,010170,,*09
$GPGGA,000132.50,3954.5565,N,11622.5492,E,1,08,1.0,51.9,M,0.0,M,,*69
$GPRMC,000132.60,A,3954.5549,N,11622.5496,E,58.25,168.81,010170,,*00
$GPGGA,000132.60,3954.5549,N,11622.5496,E,1,08,1.0,51.9,M,0.0,M,,*60
$GPRMC,000132.70,A,3954.5534,N,11622.5500,E,58.25,168.81,010170,,*05
$GPGGA,000132.70,3954.5534,N,11622.5500,E,1,08,1.0,51.9,M,0.0,M,,*65
$GPRMC,000132.80,A,3954.5518,N,11622.5504,E,58.25,168.81,010170,,*00
$GPGGA,000132.80,3954.5518,N,11622.5504,E,1,08,1.0,51.9,M,0.0,M,,*60
$GPRMC,000132.90,A,3954.5502,N,11622.5508,E,58.25,168.81,010170,,*06
$GPGGA,000132.90,3954.5502,N,11622.5508,E,1,08,1.0,51.9,M,0.0,M,,*66
$GPRMC,000133.00,A,3954.5486,N,11622.5512,E,58.25,168.81,010170,,*08
$GPGGA,000133.00,3954.5486,N,11622.5512,E,1,08,1.0,51.9,M,0.0,M,,*68
$GPRMC,000133.10,A,3954.5470,N,11622.5516,E,58.25,168.81,010170,,*04
$GPGGA,000133.10,3954.5470,N,11622.5516,E,1,08,1.0,51.9,M,0.0,M,,*64
$GPRMC,000133.20,A,3954.5454,N,11622.5520,E,58.25,168.81,010170,,*04
$GPGGA,000133.20,3954.5454,N,11622.5520,E,1,08,1.0,51.9,M,0.0,M,,*64
$GPRMC,000133.30,A,3954.5438,N,11622.5524,E,58.25,168.81,010170,,*0B
$GPGGA,000133.30,3954.5438,N,11622.5524,E,1,08,1.0,51.9,M,0.0,M,,*6B
$GPRMC,000133.40,A,3954.5423,N,11622.5529,E,58.25,168.81,010170,,*0B
$GPGGA,000133.40,3954.5423,N,11622.5529,E,1,08,1.0,51.9,M,0.0,M,,*6B
$GPRMC,000133.50,A,3954.5407,N,11622.5533,E,58.25,168.81,010170,,*07
$GPGGA,000133.50,3954.5407,N,11622.5533,E,1,08,1.0,51.9,M,0.0,M,,*67
$GPRMC,000133.60,A,3954.5391,N,11622.5537,E,58.25,168.81,010170,,*08
$GPGGA,000133.60,3954.5391,N,11622.5537,E,1,08,1.0,51.8,M,0.0,M,,*69
$GPRMC,000133.70,A,3954.5375,N,11622.5541,E,58.25,168.81,010170,,*02
$GPGGA,000133.70,3954.5375,N,11622.5541,E,1,08,1.0,51.8,M,0.0,M,,*63
$GPRMC,000133.80,A,3954.5359,N,11622.5545,E,58.25,168.81,010170,,*07
$GPGGA,000133.80,3954.5359,N,11622.5545,E,1,08,1.0,51.8,M,0.0,M,,*66
$GPRMC,000133.90,A,3954.5343,N,11622.5549,E,58.25,168.81,010170,,*01
$GPGGA,000133.90,3954.5343,N,11622.5549,E,1,08,1.0,51.8,M,0.0,M,,*60
$GPRMC,000134.00,A,3954.5327,N,11622.5553,E,58.25,168.81,010170,,*06
$GPGGA,000134.00,3954.5327,N,11622.5553,E,1,08,1.0,51.8,M,0.0,M,,*67
$GPRMC,000134.10,A,3954.5312,N,11622.5557,E,58.25,168.81,010170,,*05
$GPGGA,000134.10,3954.5312,N,11622.5557,E,1,08,1.0,51.8,M,0.0,M,,*64
$GPRMC,000134.20,A,3954.5296,N,11622.5561,E,58.25,168.81,010170,,*0E
$GPGGA,000134.20,3954.5296,N,11622.5561,E,1,08,1.0,51.8,M,0.0,M,,*6F
$GPRMC,000134.30,A,3954.5280,N,11622.5565,E,58.25,168.81,010170,,*0C
$GPGGA,000134.30,3954.5280,N,11622.5565,E,1,08,1.0,51.8,M,0.0,M,,*6D
$GPRMC,000134.40,A,3954.5264,N,11622.5569,E,58.25,168.81,010170,,*0D
$GPGGA,000134.40,3954.5264,N,11622.5569,E,1,08,1.0,51.8,M,0.0,M,,*6C
$GPRMC,000134.50,A,3954.5248,N,11622.5574,E,58.25,168.81,010170,,*0E
$GPGGA,000134.50,3954.5248,N,11622.5574,E,1,08,1.0,51.8,M,0.0,M,,*6F
$GPRMC,000134.60,A,3954.5232,N,11622.5578,E,58.25,168.81,010170,,*0C
$GPGGA,000134.60,3954.5232,N,11622.5578,E,1,08,1.0,51.8,M,0.0,M,,*6D
$GPRMC,000134.70,A,3954.5216,N,11622.5582,E,58.25,168.81,010170,,*0E
$GPGGA,000134.70,3954.5216,N,11622.5582,E,1,08,1.0,51.7,M,0.0,M,,*60
$GPRMC,000134.80,A,3954.5200,N,11622.5586,E,58.25,168.81,010170,,*02
$GPGGA,000134.80,3954.5200,N,11622.5586,E,1,08,1.0,51.7,M,0.0,M,,*6C
$GPRMC,000134.90,A,3954.5185,N,11622.5590,E,58.25,168.81,010170,,*0A
$GPGGA,000134.90,3954.5185,N,11622.5590,E,1,08,1.0,51.7,M,0.0,M,,*64
$GPRMC,000135.00,A,3954.5169,N,11622.5594,E,58.25,168.81,010170,,*04
$GPGGA,000135.00,3954.5169,N,11622.5594,E,1,08,1.0,51.7,M,0.0,M,,*6A
$GPRMC,000135.10,A,3954.5153,N,11622.5598,E,58.25,168.81,010170,,*00
$GPGGA,000135.10,3954.5153,N,11622.5598,E,1,08,1.0,51.7,M,0.0,M,,*6E
$GPRMC,000135.20,A,3954.5137,N,11622.5602,E,58.25,168.81,010170,,*01
$GPGGA,000135.20,3954.5137,N,11622.5602,E,1,08,1.0,51.7,M,0.0,M,,*6F
$GPRMC,000135.30,A,3954.5121,N,11622.5606,E,58.25,168.81,010170,,*03
$GPGGA,000135.30,3954.5121,N,11622.5606,E,1,08,1.0,51.7,M,0.0,M,,*6D
$GPRMC,000135.40,A,3954.5105,N,11622.5610,E,58.25,168.81,010170,,*05
$GPGGA,000135.40,3954.5105,N,11622.5610,E,1,08,1.0,51.7,M,0.0,M,,*6B
$GPRMC,000135.50,A,3954.5089,N,11622.5614,E,58.25,168.81,010170,,*05
$GPGGA,000135.50,3954.5089,N,11622.5614,E,1,08,1.0,51.7,M,0.0,M,,*6B
$GPRMC,000135.60,A,3954.5074,N,11622.5619,E,58.25,168.81,010170,,*09
$GPGGA,000135.60,3954.5074,N,11622.5619,E,1,08,1.0,51.7,M,0.0,M,,*67
$GPRMC,000135.70,A,3954.5058,N,11622.5623,E,58.25,168.81,010170,,*0F
$GPGGA,000135.70,3954.5058,N,11622.5623,E,1,08,1.0,51.7,M,0.0,M,,*61
$GPRMC,000135.80,A,3954.5042,N,11622.5627,E,58.25,168.81,010170,,*0F
$GPGGA,000135.80,3954.5042,N,11622.5627,E,1,08,1.0,51.7,M,0.0,M,,*61
$GPRMC,000135.90,A,3954.5026,N,11622.5631,E,58.25,168.81,010170,,*0B
$GPGGA,000135.90,3954.5026,N,11622.5631,E,1,08,1.0,51.6,M,0.0,M,,*64
$GPRMC,000136.00,A,3954.5010,N,11622.5635,E,58.25,168.81,010170,,*00
$GPGGA,000136.00,3954.5010,N,11622.5635,E,1,08,1.0,51.6,M,0.0,M,,*6F
$GPRMC,000136.10,A,3954.4994,N,11622.5639,E,58.25,168.81,010170,,*09
$GPGGA,000136.10,3954.4994,N,11622.5639,E,1,08,1.0,51.6,M,0.0,M,,*66
$GPRMC,000136.20,A,3954.4978,N,11622.5643,E,58.25,168.81,010170,,*05
$GPGGA,000136.20,3954.4978,N,11622.5643,E,1,08,1.0,51.6,M,0.0,M,,*6A
$GPRMC,000136.30,A,3954.4963,N,11622.5647,E,58.25,168.81,010170,,*0A
$GPGGA,000136.30,3954.4963,N,11622.5647,E,1,08,1.0,51.6,M,0.0,M,,*65
$GPRMC,000136.40,A,3954.4947,N,11622.5651,E,58.25,168.81,010170,,*0C
$GPGGA,000136.40,3954.4947,N,11622.5651,E,1,08,1.0,51.6,M,0.0,M,,*63
$GPRMC,000136.50,A,3954.4931,N,11622.5655,E,58.25,168.81,010170,,*08
$GPGGA,000136.50,3954.4931,N,11622.5655,E,1,08,1.0,51.6,M,0.0,M,,*67
$GPRMC,000136.60,A,3954.4915,N,11622.5659,E,58.25,168.81,010170,,*01
$GPGGA,000136.60,3954.4915,N,11622.5659,E,1,08,1.0,51.6,M,0.0,M,,*6E
$GPRMC,000136.70,A,3954.4899,N,11622.5664,E,58.25,168.81,010170,,*0B
$GPGGA,000136.70,3954.4899,N,11622.5664,E,1,08,1.0,51.6,M,0.0,M,,*64
$GPRMC,000136.80,A,3954.4883,N,11622.5668,E,58.25,168.81,010170,,*03
$GPGGA,000136.80,3954.4883,N,11622.5668,E,1,08,1.0,51.6,M,0.0,M,,*6C
$GPRMC,000136.90,A,3954.4867,N,11622.5672,E,58.25,168.81,010170,,*03
$GPGGA,000136.90,3954.4867,N,11622.5672,E,1,08,1.0,51.6,M,0.0,M,,*6C
$GPRMC,000137.00,A,3954.4851,N,11622.5676,E,58.25,168.81,010170,,*0A
$GPGGA,000137.00,3954.4851,N,11622.5676,E,1,08,1.0,51.6,M,0.0,M,,*65
$GPRMC,000137.10,A,3954.4836,N,11622.5680,E,58.25,168.81,010170,,*03
$GPGGA,000137.10,3954.4836,N,11622.5680,E,1,08,1.0,51.5,M,0.0,M,,*6F
$GPRMC,000137.20,A,3954.4820,N,11622.5684,E,58.25,168.81,010170,,*03
$GPGGA,000137.20,3954.4820,N,11622.5684,E,1,08,1.0,51.5,M,0.0,M,,*6F
$GPRMC,000137.30,A,3954.4804,N,11622.5688,E,58.25,168.81,010170,,*08
$GPGGA,000137.30,3954.4804,N,11622.5688,E,1,08,1.0,51.5,M,0.0,M,,*64
$GPRMC,000137.40,A,3954.4788,N,11622.5692,E,58.25,168.81,010170,,*0F
$GPGGA,000137.40,3954.4788,N,11622.5692,E,1,08,1.0,51.5,M,0.0,M,,*63
$GPRMC,000137.50,A,3954.4772,N,11622.5696,E,58.25,168.84,010170,,*0A
$GPGGA,000137.50,3954.4772,N,11622.5696,E,1,08,1.0,51.5,M,0.0,M,,*63
$GPRMC,000137.60,A,3954.4756,N,11622.5700,E,58.24,169.71,010170,,*0B
$GPGGA,000137.60,3954.4756,N,11622.5700,E,1,08,1.0,51.5,M,0.0,M,,*68
$GPRMC,000137.70,A,3954.4740,N,11622.5704,E,58.25,170.55,010170,,*06
$GPGGA,000137.70,3954.4740,N,11622.5704,E,1,08,1.0,51.5,M,0.0,M,,*6A
$GPRMC,000137.80,A,3954.4724,N,11622.5707,E,58.25,170.55,010170,,*08
$GPGGA,000137.80,3954.4724,N,11622.5707,E,1,08,1.0,51.5,M,0.0,M,,*64
$GPRMC,000137.90,A,3954.4708,N,11622.5711,E,58.25,170.55,010170,,*00
$GPGGA,000137.90,3954.4708,N,11622.5711,E,1,08,1.0,51.5,M,0.0,M,,*6C
$GPRMC,000138.00,A,3954.4693,N,11622.5714,E,58.25,170.55,010170,,*00
$GPGGA,000138.00,3954.4693,N,11622.5714,E,1,08,1.0,51.5,M,0.0,M,,*6C
$GPRMC,000138.10,A,3954.4677,N,11622.5718,E,58.25,170.55,010170,,*07
$GPGGA,000138.10,3954.4677,N,11622.5718,E,1,08,1.0,51.5,M,0.0,M,,*6B
$GPRMC,000138.20,A,3954.4661,N,11622.5721,E,58.25,170.55,010170,,*09
$GPGGA,000138.20,3954.4661,N,11622.5721,E,1,08,1.0,51.5,M,0.0,M,,*65
$GPRMC,000138.30,A,3954.4645,N,11622.5725,E,58.25,170.55,010170,,*0A
$GPGGA,000138.30,3954.4645,N,11622.5725,E,1,08,1.0,51.5,M,0.0,M,,*66
$GPRMC,000138.40,A,3954.4629,N,11622.5728,E,58.25,170.55,010170,,*0A
$GPGGA,000138.40,3954.4629,N,11622.5728,E,1,08,1.0,51.5,M,0.0,M,,*66
$GPRMC,000138.50,A,3954.4613,N,11622.5731,E,58.25,170.55,010170,,*0A
$GPGGA,000138.50,3954.4613,N,11622.5731,E,1,08,1.0,51.5,M,0.0,M,,*66
$GPRMC,000138.60,A,3954.4597,N,11622.5735,E,58.25,170.55,010170,,*02
$GPGGA,000138.60,3954.4597,N,11622.5735,E,1,08,1.0,51.5,M,0.0,M,,*6E
$GPRMC,000138.70,A,3954.4581,N,11622.5738,E,58.25,170.55,010170,,*09
$GPGGA,000138.70,3954.4581,N,11622.5738,E,1,08,1.0,51.5,M,0.0,M,,*65
$GPRMC,000138.80,A,3954.4565,N,11622.5742,E,58.25,170.55,010170,,*01
$GPGGA,000138.80,3954.4565,N,11622.5742,E,1,08,1.0,51.5,M,0.0,M,,*6D
$GPRMC,000138.90,A,3954.4549,N,11622.5745,E,58.25,170.55,010170,,*09
$GPGGA,000138.90,3954.4549,N,11622.5745,E,1,08,1.0,51.5,M,0.0,M,,*65
$GPRMC,000139.00,A,3954.4533,N,11622.5749,E,58.25,170.55,010170,,*00
$GPGGA,000139.00,3954.4533,N,11622.5749,E,1,08,1.0,51.5,M,0.0,M,,*6C
$GPRMC,000139.10,A,3954.4517,N,11622.5752,E,58.25,170.55,010170,,*0D
$GPGGA,000139.10,3954.4517,N,11622.5752,E,1,08,1.0,51.5,M,0.0,M,,*61
$GPRMC,000139.20,A,3954.4501,N,11622.5756,E,58.25,170.55,010170,,*0D
$GPGGA,000139.20,3954.4501,N,11622.5756,E,1,08,1.0,51.5,M,0.0,M,,*61
$GPRMC,000139.30,A,3954.4485,N,11622.5759,E,58.25,170.55,010170,,*0E
$GPGGA,000139.30,3954.4485,N,11622.5759,E,1,08,1.0,51.5,M,0.0,M,,*62
$GPRMC,000139.40,A,3954.4469,N,11622.5763,E,58.25,170.55,010170,,*02
$GPGGA,000139.40,3954.4469,N,11622.5763,E,1,08,1.0,51.4,M,0.0,M,,*6F
$GPRMC,000139.50,A,3954.4453,N,11622.5766,E,58.25,170.55,010170,,*0F
$GPGGA,000139.50,3954.4453,N,11622.5766,E,1,08,1.0,51.4,M,0.0,M,,*62
$GPRMC,000139.60,A,3954.4437,N,11622.5769,E,58.25,170.55,010170,,*01
$GPGGA,000139.60,3954.4437,N,11622.5769,E,1,08,1.0,51.4,M,0.0,M,,*6C
$GPRMC,000139.70,A,3954.4421,N,11622.5773,E,58.25,170.55,010170,,*0C
$GPGGA,000139.70,3954.4421,N,11622.5773,E,1,08,1.0,51.4,M,0.0,M,,*61
$GPRMC,000139.80,A,3954.4405,N,11622.5776,E,58.25,170.55,010170,,*00
$GPGGA,000139.80,3954.4405,N,11622.5776,E,1,08,1.0,51.4,M,0.0,M,,*6D
$GPRMC,000139.90,A,3954.4389,N,11622.5780,E,58.25,170.55,010170,,*0B
$GPGGA,000139.90,3954.4389,N,11622.5780,E,1,08,1.0,51.4,M,0.0,M,,*66
$GPRMC,000140.00,A,3954.4374,N,11622.5783,E,58.25,170.55,010170,,*0D
$GPGGA,000140.00,3954.4374,N,11622.5783,E,1,08,1.0,51.4,M,0.0,M,,*60
$GPRMC,000140.10,A,3954.4358,N,11622.5787,E,58.25,170.55,010170,,*06
$GPGGA,000140.10,3954.4358,N,11622.5787,E,1,08,1.0,51.4,M,0.0,M,,*6B
$GPRMC,000140.20,A,3954.4342,N,11622.5790,E,58.25,170.55,010170,,*08
$GPGGA,000140.20,3954.4342,N,11622.5790,E,1,08,1.0,51.4,M,0.0,M,,*65
$GPRMC,000140.30,A,3954.4326,N,11622.5794,E,58.25,170.55,010170,,*0F
$GPGGA,000140.30,3954.4326,N,11622.5794,E,1,08,1.0,51.4,M,0.0,M,,*62
$GPRMC,000140.40,A,3954.4310,N,11622.5797,E,58.25,170.55,010170,,*0E
$GPGGA,000140.40,3954.4310,N,11622.5797,E,1,08,1.0,51.4,M,0.0,M,,*63
$GPRMC,000140.50,A,3954.4294,N,11622.5801,E,58.25,170.55,010170,,*02
$GPGGA,000140.50,3954.4294,N,11622.5801,E,1,08,1.0,51.4,M,0.0,M,,*6F
$GPRMC,000140.60,A,3954.4278,N,11622.5804,E,58.25,170.55,010170,,*06
$GPGGA,000140.60,3954.4278,N,11622.5804,E,1,08,1.0,51.4,M,0.0,M,,*6B
$GPRMC,000140.70,A,3954.4262,N,11622.5808,E,58.25,170.55,010170,,*00
$GPGGA,000140.70,3954.4262,N,11622.5808,E,1,08,1.0,51.4,M,0.0,M,,*6D
$GPRMC,000140.80,A,3954.4246,N,11622.5811,E,58.25,170.55,010170,,*01
$GPGGA,000140.80,3954.4246,N,11622.5811,E,1,08,1.0,51.4,M,0.0,M,,*6C
$GPRMC,000140.90,A,3954.4230,N,11622.5814,E,58.25,170.55,010170,,*04
$GPGGA,000140.90,3954.4230,N,11622.5814,E,1,08,1.0,51.4,M,0.0,M,,*69
$GPRMC,000141.00,A,3954.4214,N,11622.5818,E,58.25,170.55,010170,,*06
$GPGGA,000141.00,3954.4214,N,11622.5818,E,1,08,1.0,51.4,M,0.0,M,,*6B
$GPRMC,000141.10,A,3954.4198,N,11622.5821,E,58.25,170.55,010170,,*0A
$GPGGA,000141.10,3954.4198,N,11622.5821,E,1,08,1.0,51.4,M,0.0,M,,*67
$GPRMC,000141.20,A,3954.4182,N,11622.5825,E,58.25,170.55,010170,,*06
$GPGGA,000141.20,3954.4182,N,11622.5825,E,1,08,1.0,51.4,M,0.0,M,,*6B
$GPRMC,000141.30,A,3954.4166,N,11622.5828,E,58.25,170.55,010170,,*00
$GPGGA,000141.30,3954.4166,N,11622.5828,E,1,08,1.0,51.4,M,0.0,M,,*6D
$GPRMC,000141.40,A,3954.4150,N,11622.5832,E,58.25,170.56,010170,,*0A
$GPGGA,000141.40,3954.4150,N,11622.5832,E,1,08,1.0,51.4,M,0.0,M,,*64
$GPRMC,000141.50,A,3954.4134,N,11622.5835,E,58.25,170.56,010170,,*0E
$GPGGA,000141.50,3954.4134,N,11622.5835,E,1,08,1.0,51.4,M,0.0,M,,*60
$GPRMC,000141.60,A,3954.4118,N,11622.5839,E,58.25,170.56,010170,,*0F
$GPGGA,000141.60,3954.4118,N,11622.5839,E,1,08,1.0,51.4,M,0.0,M,,*61
$GPRMC,000141.70,A,3954.4102,N,11622.5842,E,58.25,170.56,010170,,*09
$GPGGA,000141.70,3954.4102,N,11622.5842,E,1,08,1.0,51.4,M,0.0,M,,*67
$GPRMC,000141.80,A,3954.4086,N,11622.5846,E,57.90,170.56,010170,,*0E
$GPGGA,000141.80,3954.4086,N,11622.5846,E,1,08,1.0,51.4,M,0.0,M,,*61
$GPRMC,000141.90,A,3954.4071,N,11622.5849,E,57.19,170.56,010170,,*09
$GPGGA,000141.90,3954.4071,N,11622.5849,E,1,08,1.0,51.4,M,0.0,M,,*67
$GPRMC,000142.00,A,3954.4055,N,11622.5852,E,56.48,170.56,010170,,*0A
$GPGGA,000142.00,3954.4055,N,11622.5852,E,1,08,1.0,51.4,M,0.0,M,,*61
$GPRMC,000142.10,A,3954.4040,N,11622.5856,E,55.78,170.56,010170,,*0B
$GPGGA,000142.10,3954.4040,N,11622.5856,E,1,08,1.0,51.4,M,0.0,M,,*60
$GPRMC,000142.20,A,3954.4025,N,11622.5859,E,55.07,170.56,010170,,*0C
$GPGGA,000142.20,3954.4025,N,11622.5859,E,1,08,1.0,51.4,M,0.0,M,,*6F
$GPRMC,000142.30,A,3954.4010,N,11622.5862,E,54.36,170.56,010170,,*00
$GPGGA,000142.30,3954.4010,N,11622.5862,E,1,08,1.0,51.4,M,0.0,M,,*60
$GPRMC,000142.40,A,3954.3995,N,11622.5865,E,53.66,170.56,010170,,*01
$GPGGA,000142.40,3954.3995,N,11622.5865,E,1,08,1.0,51.4,M,0.0,M,,*63
$GPRMC,000142.50,A,3954.3980,N,11622.5869,E,52.95,170.56,010170,,*05
$GPGGA,000142.50,3954.3980,N,11622.5869,E,1,08,1.0,51.4,M,0.0,M,,*6A
$GPRMC,000142.60,A,3954.3966,N,11622.5872,E,52.24,170.56,010170,,*0E
$GPGGA,000142.60,3954.3966,N,11622.5872,E,1,08,1.0,51.4,M,0.0,M,,*6B
$GPRMC,000142.70,A,3954.3952,N,11622.5875,E,51.54,170.56,010170,,*0B
$GPGGA,000142.70,3954.3952,N,11622.5875,E,1,08,1.0,51.4,M,0.0,M,,*6A
$GPRMC,000142.80,A,3954.3938,N,11622.5878,E,50.83,170.56,010170,,*0E
$GPGGA,000142.80,3954.3938,N,11622.5878,E,1,08,1.0,51.4,M,0.0,M,,*64
$GPRMC,000142.90,A,3954.3924,N,11622.5881,E,50.12,170.56,010170,,*0C
$GPGGA,000142.90,3954.3924,N,11622.5881,E,1,08,1.0,51.3,M,0.0,M,,*69
$GPRMC,000143.00,A,3954.3910,N,11622.5884,E,49.42,170.56,010170,,*0B
$GPGGA,000143.00,3954.3910,N,11622.5884,E,1,08,1.0,51.3,M,0.0,M,,*63
$GPRMC,000143.10,A,3954.3897,N,11622.5887,E,48.71,170.56,010170,,*06
$GPGGA,000143.10,3954.3897,N,11622.5887,E,1,08,1.0,51.3,M,0.0,M,,*6F
$GPRMC,000143.20,A,3954.3883,N,11622.5890,E,48.00,170.56,010170,,*00
$GPGGA,000143.20,3954.3883,N,11622.5890,E,1,08,1.0,51.3,M,0.0,M,,*6F
$GPRMC,000143.30,A,3954.3870,N,11622.5892,E,47.30,170.56,010170,,*03
$GPGGA,000143.30,3954.3870,N,11622.5892,E,1,08,1.0,51.3,M,0.0,M,,*60
$GPRMC,000143.40,A,3954.3858,N,11622.5895,E,46.59,170.56,010170,,*07
$GPGGA,000143.40,3954.3858,N,11622.5895,E,1,08,1.0,51.3,M,0.0,M,,*6A
$GPRMC,000143.50,A,3954.3845,N,11622.5898,E,45.88,170.56,010170,,*08
$GPGGA,000143.50,3954.3845,N,11622.5898,E,1,08,1.0,51.3,M,0.0,M,,*6A
$GPRMC,000143.60,A,3954.3832,N,11622.5901,E,45.17,170.56,010170,,*0C
$GPGGA,000143.60,3954.3832,N,11622.5901,E,1,08,1.0,51.3,M,0.0,M,,*68
$GPRMC,000143.70,A,3954.3820,N,11622.5903,E,44.47,170.56,010170,,*08
$GPGGA,000143.70,3954.3820,N,11622.5903,E,1,08,1.0,51.3,M,0.0,M,,*68
$GPRMC,000143.80,A,3954.3808,N,11622.5906,E,43.76,170.56,010170,,*0D
$GPGGA,000143.80,3954.3808,N,11622.5906,E,1,08,1.0,51.3,M,0.0,M,,*68
$GPRMC,000143.90,A,3954.3796,N,11622.5909,E,43.05,170.56,010170,,*0F
$GPGGA,000143.90,3954.3796,N,11622.5909,E,1,08,1.0,51.3,M,0.0,M,,*6E
$GPRMC,000144.00,A,3954.3784,N,11622.5911,E,42.35,170.56,010170,,*09
$GPGGA,000144.00,3954.3784,N,11622.5911,E,1,08,1.0,51.3,M,0.0,M,,*6A
$GPRMC,000144.10,A,3954.3773,N,11622.5914,E,41.64,170.56,010170,,*02
$GPGGA,000144.10,3954.3773,N,11622.5914,E,1,08,1.0,51.3,M,0.0,M,,*66
$GPRMC,000144.20,A,3954.3762,N,11622.5916,E,40.93,170.56,010170,,*0A
$GPGGA,000144.20,3954.3762,N,11622.5916,E,1,08,1.0,51.3,M,0.0,M,,*67
$GPRMC,000144.30,A,3954.3751,N,11622.5918,E,40.23,170.56,010170,,*0E
$GPGGA,000144.30,3954.3751,N,11622.5918,E,1,08,1.0,51.3,M,0.0,M,,*68
$GPRMC,000144.40,A,3954.3740,N,11622.5921,E,39.52,170.56,010170,,*0B
$GPGGA,000144.40,3954.3740,N,11622.5921,E,1,08,1.0,51.3,M,0.0,M,,*65
$GPRMC,000144.50,A,3954.3729,N,11622.5923,E,38.81,170.56,010170,,*08
$GPGGA,000144.50,3954.3729,N,11622.5923,E,1,08,1.0,51.3,M,0.0,M,,*69
$GPRMC,000144.60,A,3954.3718,N,11622.5925,E,38.11,170.56,010170,,*06
$GPGGA,000144.60,3954.3718,N,11622.5925,E,1,08,1.0,51.3,M,0.0,M,,*6E
$GPRMC,000144.70,A,3954.3708,N,11622.5928,E,37.40,170.56,010170,,*00
$GPGGA,000144.70,3954.3708,N,11622.5928,E,1,08,1.0,51.3,M,0.0,M,,*63
$GPRMC,000144.80,A,3954.3698,N,11622.5930,E,36.69,170.56,010170,,*04
$GPGGA,000144.80,3954.3698,N,11622.5930,E,1,08,1.0,51.3,M,0.0,M,,*6D
$GPRMC,000144.90,A,3954.3688,N,11622.5932,E,35.99,170.56,010170,,*0A
$GPGGA,000144.90,3954.3688,N,11622.5932,E,1,08,1.0,51.3,M,0.0,M,,*6F
$GPRMC,000145.00,A,3954.3678,N,11622.5934,E,35.28,170.56,010170,,*01
$GPGGA,000145.00,3954.3678,N,11622.5934,E,1,08,1.0,51.3,M,0.0,M,,*6E
$GPRMC,000145.10,A,3954.3669,N,11622.5936,E,34.54,171.44,010170,,*0A
$GPGGA,000145.10,3954.3669,N,11622.5936,E,1,08,1.0,51.3,M,0.0,M,,*6D
$GPRMC,000145.20,A,3954.3659,N,11622.5938,E,33.78,175.71,010170,,*0F
$GPGGA,000145.20,3954.3659,N,11622.5938,E,1,08,1.0,51.3,M,0.0,M,,*63
$GPRMC,000145.30,A,3954.3650,N,11622.5938,E,33.16,179.14,010170,,*00
$GPGGA,000145.30,3954.3650,N,11622.5938,E,1,08,1.0,51.3,M,0.0,M,,*6B
$GPRMC,000145.40,A,3954.3641,N,11622.5938,E,32.45,179.14,010170,,*00
$GPGGA,000145.40,3954.3641,N,11622.5938,E,1,08,1.0,51.3,M,0.0,M,,*6C
$GPRMC,000145.50,A,3954.3632,N,11622.5938,E,31.75,179.14,010170,,*05
$GPGGA,000145.50,3954.3632,N,11622.5938,E,1,08,1.0,51.3,M,0.0,M,,*69
$GPRMC,000145.60,A,3954.3623,N,11622.5939,E,31.04,179.14,010170,,*01
$GPGGA,000145.60,3954.3623,N,11622.5939,E,1,08,1.0,51.3,M,0.0,M,,*6B
$GPRMC,000145.70,A,3954.3615,N,11622.5939,E,30.33,179.14,010170,,*00
$GPGGA,000145.70,3954.3615,N,11622.5939,E,1,08,1.0,51.2,M,0.0,M,,*6E
$GPRMC,000145.80,A,3954.3606,N,11622.5939,E,29.63,179.14,010170,,*00
$GPGGA,000145.80,3954.3606,N,11622.5939,E,1,08,1.0,51.2,M,0.0,M,,*63
$GPRMC,000145.90,A,3954.3598,N,11622.5939,E,28.92,179.14,010170,,*0A
$GPGGA,000145.90,3954.3598,N,11622.5939,E,1,08,1.0,51.2,M,0.0,M,,*66
$GPRMC,000146.00,A,3954.3590,N,11622.5939,E,28.21,179.14,010170,,*00
$GPGGA,000146.00,3954.3590,N,11622.5939,E,1,08,1.0,51.2,M,0.0,M,,*64
$GPRMC,000146.10,A,3954.3583,N,11622.5939,E,27.51,179.14,010170,,*0B
$GPGGA,000146.10,3954.3583,N,11622.5939,E,1,08,1.0,51.2,M,0.0,M,,*67
$GPRMC,000146.20,A,3954.3575,N,11622.5939,E,26.80,179.14,010170,,*0C
$GPGGA,000146.20,3954.3575,N,11622.5939,E,1,08,1.0,51.2,M,0.0,M,,*6D
$GPRMC,000146.30,A,3954.3568,N,11622.5940,E,26.09,179.14,010170,,*0E
$GPGGA,000146.30,3954.3568,N,11622.5940,E,1,08,1.0,51.2,M,0.0,M,,*6E
$GPRMC,000146.40,A,3954.3561,N,11622.5940,E,25.39,179.14,010170,,*00
$GPGGA,000146.40,3954.3561,N,11622.5940,E,1,08,1.0,51.2,M,0.0,M,,*60
$GPRMC,000146.50,A,3954.3554,N,11622.5940,E,24.68,179.14,010170,,*02
$GPGGA,000146.50,3954.3554,N,11622.5940,E,1,08,1.0,51.2,M,0.0,M,,*67
$GPRMC,000146.60,A,3954.3547,N,11622.5940,E,23.97,179.14,010170,,*04
$GPGGA,000146.60,3954.3547,N,11622.5940,E,1,08,1.0,51.2,M,0.0,M,,*66
$GPRMC,000146.70,A,3954.3540,N,11622.5940,E,23.27,179.14,010170,,*09
$GPGGA,000146.70,3954.3540,N,11622.5940,E,1,08,1.0,51.1,M,0.0,M,,*63
$GPRMC,000146.80,A,3954.3534,N,11622.5940,E,22.56,179.14,010170,,*02
$GPGGA,000146.80,3954.3534,N,11622.5940,E,1,08,1.0,51.1,M,0.0,M,,*6F
$GPRMC,000146.90,A,3954.3528,N,11622.5940,E,21.85,179.14,010170,,*03
$GPGGA,000146.90,3954.3528,N,11622.5940,E,1,08,1.0,51.1,M,0.0,M,,*63
$GPRMC,000147.00,A,3954.3522,N,11622.5941,E,21.14,179.14,010170,,*08
$GPGGA,000147.00,3954.3522,N,11622.5941,E,1,08,1.0,51.1,M,0.0,M,,*60
$GPRMC,000147.10,A,3954.3516,N,11622.5941,E,20.44,179.14,010170,,*0A
$GPGGA,000147.10,3954.3516,N,11622.5941,E,1,08,1.0,51.1,M,0.0,M,,*66
$GPRMC,000147.20,A,3954.3510,N,11622.5941,E,19.73,179.75,010170,,*06
$GPGGA,000147.20,3954.3510,N,11622.5941,E,1,08,1.0,51.1,M,0.0,M,,*63
$GPRMC,000147.30,A,3954.3505,N,11622.5941,E,19.02,180.82,010170,,*0B
$GPGGA,000147.30,3954.3505,N,11622.5941,E,1,08,1.0,51.1,M,0.0,M,,*66
$GPRMC,000147.40,A,3954.3500,N,11622.5941,E,18.32,181.28,010170,,*0A
$GPGGA,000147.40,3954.3500,N,11622.5941,E,1,08,1.0,51.1,M,0.0,M,,*64
$GPRMC,000147.50,A,3954.3495,N,11622.5940,E,17.61,181.28,010170,,*0E
$GPGGA,000147.50,3954.3495,N,11622.5940,E,1,08,1.0,51.1,M,0.0,M,,*69
$GPRMC,000147.60,A,3954.3490,N,11622.5940,E,16.90,181.28,010170,,*07
$GPGGA,000147.60,3954.3490,N,11622.5940,E,1,08,1.0,51.1,M,0.0,M,,*6F
$GPRMC,000147.70,A,3954.3486,N,11622.5940,E,16.20,181.28,010170,,*0A
$GPGGA,000147.70,3954.3486,N,11622.5940,E,1,08,1.0,51.1,M,0.0,M,,*69
$GPRMC,000147.80,A,3954.3481,N,11622.5940,E,15.49,181.28,010170,,*0E
$GPGGA,000147.80,3954.3481,N,11622.5940,E,1,08,1.0,51.1,M,0.0,M,,*61
$GPRMC,000147.90,A,3954.3477,N,11622.5940,E,14.78,181.28,010170,,*05
$GPGGA,000147.90,3954.3477,N,11622.5940,E,1,08,1.0,51.1,M,0.0,M,,*69
$GPRMC,000148.00,A,3954.3473,N,11622.5940,E,14.08,181.28,010170,,*00
$GPGGA,000148.00,3954.3473,N,11622.5940,E,1,08,1.0,51.1,M,0.0,M,,*6B
$GPRMC,000148.10,A,3954.3469,N,11622.5940,E,13.37,181.28,010170,,*01
$GPGGA,000148.10,3954.3469,N,11622.5940,E,1,08,1.0,51.1,M,0.0,M,,*61
$GPRMC,000148.20,A,3954.3465,N,11622.5940,E,12.66,181.28,010170,,*0B
$GPGGA,000148.20,3954.3465,N,11622.5940,E,1,08,1.0,51.1,M,0.0,M,,*6E
$GPRMC,000148.30,A,3954.3462,N,11622.5939,E,11.96,181.28,010170,,*0F
$GPGGA,000148.30,3954.3462,N,11622.5939,E,1,08,1.0,51.1,M,0.0,M,,*66
$GPRMC,000148.40,A,3954.3459,N,11622.5939,E,11.25,181.28,010170,,*08
$GPGGA,000148.40,3954.3459,N,11622.5939,E,1,08,1.0,51.1,M,0.0,M,,*69
$GPRMC,000148.50,A,3954.3456,N,11622.5939,E,10.66,181.28,010170,,*00
$GPGGA,000148.50,3954.3456,N,11622.5939,E,1,08,1.0,51.1,M,0.0,M,,*67
$GPRMC,000148.60,A,3954.3453,N,11622.5939,E,10.43,181.28,010170,,*01
$GPGGA,000148.60,3954.3453,N,11622.5939,E,1,08,1.0,51.0,M,0.0,M,,*60
$GPRMC,000148.70,A,3954.3450,N,11622.5939,E,10.43,181.28,010170,,*03
$GPGGA,000148.70,3954.3450,N,11622.5939,E,1,08,1.0,51.0,M,0.0,M,,*62
$GPRMC,000148.80,A,3954.3447,N,11622.5939,E,10.43,181.16,010170,,*07
$GPGGA,000148.80,3954.3447,N,11622.5939,E,1,08,1.0,51.0,M,0.0,M,,*6B
$GPRMC,000148.90,A,3954.3444,N,11622.5939,E,10.42,178.85,010170,,*08
$GPGGA,000148.90,3954.3444,N,11622.5939,E,1,08,1.0,51.0,M,0.0,M,,*69
$GPRMC,000149.00,A,3954.3441,N,11622.5939,E,10.43,176.65,010170,,*04
$GPGGA,000149.00,3954.3441,N,11622.5939,E,1,08,1.0,51.0,M,0.0,M,,*64
$GPRMC,000149.10,A,3954.3438,N,11622.5939,E,10.39,172.26,010170,,*05
$GPGGA,000149.10,3954.3438,N,11622.5939,E,1,08,1.0,51.0,M,0.0,M,,*6B
$GPRMC,000149.20,A,3954.3436,N,11622.5940,E,10.42,167.64,010170,,*08
$GPGGA,000149.20,3954.3436,N,11622.5940,E,1,08,1.0,51.0,M,0.0,M,,*68
$GPRMC,000149.30,A,3954.3433,N,11622.5941,E,10.39,163.49,010170,,*0A
$GPGGA,000149.30,3954.3433,N,11622.5941,E,1,08,1.0,50.9,M,0.0,M,,*65
$GPRMC,000149.40,A,3954.3430,N,11622.5942,E,10.42,158.86,010170,,*0A
$GPGGA,000149.40,3954.3430,N,11622.5942,E,1,08,1.0,50.9,M,0.0,M,,*62
$GPRMC,000149.50,A,3954.3427,N,11622.5944,E,10.40,154.71,010170,,*0D
$GPGGA,000149.50,3954.3427,N,11622.5944,E,1,08,1.0,50.9,M,0.0,M,,*63
$GPRMC,000149.60,A,3954.3425,N,11622.5946,E,10.41,150.08,010170,,*05
$GPGGA,000149.60,3954.3425,N,11622.5946,E,1,08,1.0,50.8,M,0.0,M,,*61
$GPRMC,000149.70,A,3954.3422,N,11622.5947,E,10.40,145.93,010170,,*05
$GPGGA,000149.70,3954.3422,N,11622.5947,E,1,08,1.0,50.8,M,0.0,M,,*66
$GPRMC,000149.80,A,3954.3420,N,11622.5950,E,10.41,141.30,010170,,*02
$GPGGA,000149.80,3954.3420,N,11622.5950,E,1,08,1.0,50.8,M,0.0,M,,*6D
$GPRMC,000149.90,A,3954.3418,N,11622.5952,E,10.40,137.16,010170,,*0E
$GPGGA,000149.90,3954.3418,N,11622.5952,E,1,08,1.0,50.8,M,0.0,M,,*65
$GPRMC,000150.00,A,3954.3416,N,11622.5955,E,10.40,132.52,010170,,*03
$GPGGA,000150.00,3954.3416,N,11622.5955,E,1,08,1.0,50.7,M,0.0,M,,*62
$GPRMC,000150.10,A,3954.3414,N,11622.5958,E,10.59,128.25,010170,,*0E
$GPGGA,000150.10,3954.3414,N,11622.5958,E,1,08,1.0,50.7,M,0.0,M,,*6C
$GPRMC,000150.20,A,3954.3412,N,11622.5961,E,10.95,123.62,010170,,*09
$GPGGA,000150.20,3954.3412,N,11622.5961,E,1,08,1.0,50.7,M,0.0,M,,*63
$GPRMC,000150.30,A,3954.3411,N,11622.5964,E,11.32,118.83,010170,,*05
$GPGGA,000150.30,3954.3411,N,11622.5964,E,1,08,1.0,50.6,M,0.0,M,,*65
$GPRMC,000150.40,A,3954.3409,N,11622.5968,E,11.68,114.20,010170,,*0D
$GPGGA,000150.40,3954.3409,N,11622.5968,E,1,08,1.0,50.6,M,0.0,M,,*67
$GPRMC,000150.50,A,3954.3408,N,11622.5972,E,12.04,108.86,010170,,*0E
$GPGGA,000150.50,3954.3408,N,11622.5972,E,1,08,1.0,50.6,M,0.0,M,,*6C
$GPRMC,000150.60,A,3954.3407,N,11622.5976,E,12.42,104.25,010170,,*01
$GPGGA,000150.60,3954.3407,N,11622.5976,E,1,08,1.0,50.6,M,0.0,M,,*64
$GPRMC,000150.70,A,3954.3406,N,11622.5981,E,12.77,98.45,010170,,*3D
$GPGGA,000150.70,3954.3406,N,11622.5981,E,1,08,1.0,50.5,M,0.0,M,,*6F
$GPRMC,000150.80,A,3954.3406,N,11622.5985,E,13.17,93.33,010170,,*3B
$GPGGA,000150.80,3954.3406,N,11622.5985,E,1,08,1.0,50.5,M,0.0,M,,*64
$GPRMC,000150.90,A,3954.3406,N,11622.5990,E,13.54,90.53,010170,,*3C
$GPGGA,000150.90,3954.3406,N,11622.5990,E,1,08,1.0,50.5,M,0.0,M,,*61
$GPRMC,000151.00,A,3954.3406,N,11622.5995,E,13.91,88.77,010170,,*37
$GPGGA,000151.00,3954.3406,N,11622.5995,E,1,08,1.0,50.5,M,0.0,M,,*6C
$GPRMC,000151.10,A,3954.3406,N,11622.6000,E,14.28,88.77,010170,,*35
$GPGGA,000151.10,3954.3406,N,11622.6000,E,1,08,1.0,50.5,M,0.0,M,,*6B
$GPRMC,000151.20,A,3954.3406,N,11622.6006,E,14.65,88.77,010170,,*39
$GPGGA,000151.20,3954.3406,N,11622.6006,E,1,08,1.0,50.5,M,0.0,M,,*6E
$GPRMC,000151.30,A,3954.3406,N,11622.6011,E,15.01,88.77,010170,,*3D
$GPGGA,000151.30,3954.3406,N,11622.6011,E,1,08,1.0,50.5,M,0.0,M,,*69
$GPRMC,000151.40,A,3954.3406,N,11622.6016,E,15.38,88.77,010170,,*37
$GPGGA,000151.40,3954.3406,N,11622.6016,E,1,08,1.0,50.5,M,0.0,M,,*69
$GPRMC,000151.50,A,3954.3406,N,11622.6022,E,15.75,88.77,010170,,*38
$GPGGA,000151.50,3954.3406,N,11622.6022,E,1,08,1.0,50.5,M,0.0,M,,*6F
$GPRMC,000151.60,A,3954.3406,N,11622.6028,E,16.11,88.77,010170,,*30
$GPGGA,000151.60,3954.3406,N,11622.6028,E,1,08,1.0,50.5,M,0.0,M,,*66
$GPRMC,000151.70,A,3954.3407,N,11622.6034,E,16.48,88.77,010170,,*31
$GPGGA,000151.70,3954.3407,N,11622.6034,E,1,08,1.0,50.5,M,0.0,M,,*6B
$GPRMC,000151.80,A,3954.3407,N,11622.6040,E,16.85,88.77,010170,,*3C
$GPGGA,000151.80,3954.3407,N,11622.6040,E,1,08,1.0,50.5,M,0.0,M,,*67
$GPRMC,000151.90,A,3954.3407,N,11622.6046,E,17.22,88.77,010170,,*37
$GPGGA,000151.90,3954.3407,N,11622.6046,E,1,08,1.0,50.5,M,0.0,M,,*60
$GPRMC,000152.00,A,3954.3407,N,11622.6052,E,17.58,88.77,010170,,*35
$GPGGA,000152.00,3954.3407,N,11622.6052,E,1,08,1.0,50.5,M,0.0,M,,*6F
$GPRMC,000152.10,A,3954.3407,N,11622.6059,E,17.95,88.77,010170,,*3E
$GPGGA,000152.10,3954.3407,N,11622.6059,E,1,08,1.0,50.5,M,0.0,M,,*65
$GPRMC,000152.20,A,3954.3407,N,11622.6065,E,18.32,88.77,010170,,*30
$GPGGA,000152.20,3954.3407,N,11622.6065,E,1,08,1.0,50.5,M,0.0,M,,*69
$GPRMC,000152.30,A,3954.3407,N,11622.6072,E,18.68,88.77,010170,,*38
$GPGGA,000152.30,3954.3407,N,11622.6072,E,1,08,1.0,50.4,M,0.0,M,,*6F
$GPRMC,000152.40,A,3954.3407,N,11622.6079,E,19.05,88.77,010170,,*3E
$GPGGA,000152.40,3954.3407,N,11622.6079,E,1,08,1.0,50.4,M,0.0,M,,*63
$GPRMC,000152.50,A,3954.3407,N,11622.6086,E,19.42,88.77,010170,,*3C
$GPGGA,000152.50,3954.3407,N,11622.6086,E,1,08,1.0,50.4,M,0.0,M,,*62
$GPRMC,000152.60,A,3954.3408,N,11622.6093,E,19.78,88.77,010170,,*3D
$GPGGA,000152.60,3954.3408,N,11622.6093,E,1,08,1.0,50.4,M,0.0,M,,*6A
$GPRMC,000152.70,A,3954.3408,N,11622.6100,E,20.15,88.77,010170,,*36
$GPGGA,000152.70,3954.3408,N,11622.6100,E,1,08,1.0,50.4,M,0.0,M,,*60
$GPRMC,000152.80,A,3954.3408,N,11622.6107,E,20.52,88.77,010170,,*3D
$GPGGA,000152.80,3954.3408,N,11622.6107,E,1,08,1.0,50.4,M,0.0,M,,*68
$GPRMC,000152.90,A,3954.3408,N,11622.6115,E,20.89,88.77,010170,,*39
$GPGGA,000152.90,3954.3408,N,11622.6115,E,1,08,1.0,50.4,M,0.0,M,,*6A
$GPRMC,000153.00,A,3954.3408,N,11622.6122,E,21.25,88.77,010170,,*32
$GPGGA,000153.00,3954.3408,N,11622.6122,E,1,08,1.0,50.4,M,0.0,M,,*66
$GPRMC,000153.10,A,3954.3408,N,11622.6130,E,21.62,88.77,010170,,*33
$GPGGA,000153.10,3954.3408,N,11622.6130,E,1,08,1.0,50.4,M,0.0,M,,*64
$GPRMC,000153.20,A,3954.3408,N,11622.6138,E,21.99,88.77,010170,,*3C
$GPGGA,000153.20,3954.3408,N,11622.6138,E,1,08,1.0,50.4,M,0.0,M,,*6F
$GPRMC,000153.30,A,3954.3408,N,11622.6146,E,22.35,88.77,010170,,*31
$GPGGA,000153.30,3954.3408,N,11622.6146,E,1,08,1.0,50.4,M,0.0,M,,*67
$GPRMC,000153.40,A,3954.3409,N,11622.6154,E,22.72,88.77,010170,,*37
$GPGGA,000153.40,3954.3409,N,11622.6154,E,1,08,1.0,50.4,M,0.0,M,,*62
$GPRMC,000153.50,A,3954.3409,N,11622.6163,E,23.09,88.77,010170,,*3F
$GPGGA,000153.50,3954.3409,N,11622.6163,E,1,08,1.0,50.4,M,0.0,M,,*67
$GPRMC,000153.60,A,3954.3409,N,11622.6171,E,23.45,88.77,010170,,*37
$GPGGA,000153.60,3954.3409,N,11622.6171,E,1,08,1.0,50.4,M,0.0,M,,*67
$GPRMC,000153.70,A,3954.3409,N,11622.6180,E,23.82,88.77,010170,,*33
$GPGGA,000153.70,3954.3409,N,11622.6180,E,1,08,1.0,50.4,M,0.0,M,,*68
$GPRMC,000153.80,A,3954.3409,N,11622.6188,E,24.19,88.77,010170,,*31
$GPGGA,000153.80,3954.3409,N,11622.6188,E,1,08,1.0,50.4,M,0.0,M,,*6F
$GPRMC,000153.90,A,3954.3409,N,11622.6197,E,24.56,88.77,010170,,*35
$GPGGA,000153.90,3954.3409,N,11622.6197,E,1,08,1.0,50.4,M,0.0,M,,*60
$GPRMC,000154.00,A,3954.3409,N,11622.6206,E,24.92,88.77,010170,,*38
$GPGGA,000154.00,3954.3409,N,11622.6206,E,1,08,1.0,50.4,M,0.0,M,,*65
$GPRMC,000154.10,A,3954.3410,N,11622.6215,E,25.29,88.77,010170,,*32
$GPGGA,000154.10,3954.3410,N,11622.6215,E,1,08,1.0,50.4,M,0.0,M,,*6E
$GPRMC,000154.20,A,3954.3410,N,11622.6224,E,25.66,88.77,010170,,*38
$GPGGA,000154.20,3954.3410,N,11622.6224,E,1,08,1.0,50.4,M,0.0,M,,*6F
$GPRMC,000154.30,A,3954.3410,N,11622.6234,E,26.02,88.77,010170,,*39
$GPGGA,000154.30,3954.3410,N,11622.6234,E,1,08,1.0,50.4,M,0.0,M,,*6F
$GPRMC,000154.40,A,3954.3410,N,11622.6243,E,26.39,88.77,010170,,*36
$GPGGA,000154.40,3954.3410,N,11622.6243,E,1,08,1.0,50.4,M,0.0,M,,*68
$GPRMC,000154.50,A,3954.3410,N,11622.6253,E,26.76,88.77,010170,,*3D
$GPGGA,000154.50,3954.3410,N,11622.6253,E,1,08,1.0,50.4,M,0.0,M,,*68
$GPRMC,000154.60,A,3954.3410,N,11622.6262,E,27.12,88.77,010170,,*3F
$GPGGA,000154.60,3954.3410,N,11622.6262,E,1,08,1.0,50.4,M,0.0,M,,*69
$GPRMC,000154.70,A,3954.3410,N,11622.6272,E,27.49,88.77,010170,,*31
$GPGGA,000154.70,3954.3410,N,11622.6272,E,1,08,1.0,50.4,M,0.0,M,,*69
$GPRMC,000154.80,A,3954.3411,N,11622.6282,E,27.86,88.77,010170,,*33
$GPGGA,000154.80,3954.3411,N,11622.6282,E,1,08,1.0,50.4,M,0.0,M,,*68
$GPRMC,000154.90,A,3954.3411,N,11622.6293,E,28.23,88.77,010170,,*32
$GPGGA,000154.90,3954.3411,N,11622.6293,E,1,08,1.0,50.4,M,0.0,M,,*69
$GPRMC,000155.00,A,3954.3411,N,11622.6303,E,28.59,88.77,010170,,*3F
$GPGGA,000155.00,3954.3411,N,11622.6303,E,1,08,1.0,50.4,M,0.0,M,,*69
$GPRMC,000155.10,A,3954.3411,N,11622.6313,E,28.96,88.77,010170,,*3C
$GPGGA,000155.10,3954.3411,N,11622.6313,E,1,08,1.0,50.4,M,0.0,M,,*69
$GPRMC,000155.20,A,3954.3411,N,11622.6324,E,29.33,88.77,010170,,*35
$GPGGA,000155.20,3954.3411,N,11622.6324,E,1,08,1.0,50.4,M,0.0,M,,*6E
$GPRMC,000155.30,A,3954.3412,N,11622.6334,E,29.69,88.77,010170,,*39
$GPGGA,000155.30,3954.3412,N,11622.6334,E,1,08,1.0,50.4,M,0.0,M,,*6D
$GPRMC,000155.40,A,3954.3412,N,11622.6345,E,30.06,88.77,010170,,*39
$GPGGA,000155.40,3954.3412,N,11622.6345,E,1,08,1.0,50.4,M,0.0,M,,*6C
$GPRMC,000155.50,A,3954.3412,N,11622.6356,E,30.43,88.77,010170,,*3B
$GPGGA,000155.50,3954.3412,N,11622.6356,E,1,08,1.0,50.4,M,0.0,M,,*6F
$GPRMC,000155.60,A,3954.3412,N,11622.6367,E,30.79,88.77,010170,,*33
$GPGGA,000155.60,3954.3412,N,11622.6367,E,1,08,1.0,50.4,M,0.0,M,,*6E
$GPRMC,000155.70,A,3954.3412,N,11622.6378,E,31.16,88.77,010170,,*34
$GPGGA,000155.70,3954.3412,N,11622.6378,E,1,08,1.0,50.4,M,0.0,M,,*61
$GPRMC,000155.80,A,3954.3412,N,11622.6390,E,31.53,88.77,010170,,*3C
$GPGGA,000155.80,3954.3412,N,11622.6390,E,1,08,1.0,50.4,M,0.0,M,,*68
$GPRMC,000155.90,A,3954.3413,N,11622.6401,E,31.89,88.77,010170,,*34
$GPGGA,000155.90,3954.3413,N,11622.6401,E,1,08,1.0,50.4,M,0.0,M,,*67
$GPRMC,000156.00,A,3954.3413,N,11622.6413,E,32.26,88.77,010170,,*3B
$GPGGA,000156.00,3954.3413,N,11622.6413,E,1,08,1.0,50.4,M,0.0,M,,*6E
$GPRMC,000156.10,A,3954.3413,N,11622.6425,E,32.63,88.77,010170,,*3E
$GPGGA,000156.10,3954.3413,N,11622.6425,E,1,08,1.0,50.4,M,0.0,M,,*6A
$GPRMC,000156.20,A,3954.3413,N,11622.6436,E,33.00,88.77,010170,,*3B
$GPGGA,000156.20,3954.3413,N,11622.6436,E,1,08,1.0,50.4,M,0.0,M,,*6B
$GPRMC,000156.30,A,3954.3413,N,11622.6449,E,33.36,88.77,010170,,*37
$GPGGA,000156.30,3954.3413,N,11622.6449,E,1,08,1.0,50.4,M,0.0,M,,*62
$GPRMC,000156.40,A,3954.3414,N,11622.6461,E,33.73,88.77,010170,,*3C
$GPGGA,000156.40,3954.3414,N,11622.6461,E,1,08,1.0,50.4,M,0.0,M,,*68
$GPRMC,000156.50,A,3954.3414,N,11622.6473,E,34.10,88.77,010170,,*3C
$GPGGA,000156.50,3954.3414,N,11622.6473,E,1,08,1.0,50.4,M,0.0,M,,*6A
$GPRMC,000156.60,A,3954.3414,N,11622.6485,E,34.46,88.77,010170,,*35
$GPGGA,000156.60,3954.3414,N,11622.6485,E,1,08,1.0,50.4,M,0.0,M,,*60
$GPRMC,000156.70,A,3954.3414,N,11622.6498,E,34.83,88.77,010170,,*31
$GPGGA,000156.70,3954.3414,N,11622.6498,E,1,08,1.0,50.4,M,0.0,M,,*6D
$GPRMC,000156.80,A,3954.3414,N,11622.6511,E,35.20,88.77,010170,,*36
$GPGGA,000156.80,3954.3414,N,11622.6511,E,1,08,1.0,50.4,M,0.0,M,,*62
$GPRMC,000156.90,A,3954.3415,N,11622.6523,E,35.56,88.64,010170,,*34
$GPGGA,000156.90,3954.3415,N,11622.6523,E,1,08,1.0,50.4,M,0.0,M,,*63
$GPRMC,000157.00,A,3954.3415,N,11622.6536,E,35.93,88.51,010170,,*37
$GPGGA,000157.00,3954.3415,N,11622.6536,E,1,08,1.0,50.4,M,0.0,M,,*6F
$GPRMC,000157.10,A,3954.3415,N,11622.6549,E,36.30,88.51,010170,,*34
$GPGGA,000157.10,3954.3415,N,11622.6549,E,1,08,1.0,50.4,M,0.0,M,,*66
$GPRMC,000157.20,A,3954.3415,N,11622.6563,E,36.67,88.51,010170,,*3D
$GPGGA,000157.20,3954.3415,N,11622.6563,E,1,08,1.0,50.4,M,0.0,M,,*6D
$GPRMC,000157.30,A,3954.3416,N,11622.6576,E,37.03,88.51,010170,,*38
$GPGGA,000157.30,3954.3416,N,11622.6576,E,1,08,1.0,50.3,M,0.0,M,,*6C
$GPRMC,000157.40,A,3954.3416,N,11622.6589,E,37.40,88.51,010170,,*38
$GPGGA,000157.40,3954.3416,N,11622.6589,E,1,08,1.0,50.3,M,0.0,M,,*6B
$GPRMC,000157.50,A,3954.3416,N,11622.6603,E,37.77,88.51,010170,,*3C
$GPGGA,000157.50,3954.3416,N,11622.6603,E,1,08,1.0,50.3,M,0.0,M,,*6B
$GPRMC,000157.60,A,3954.3416,N,11622.6617,E,38.13,88.51,010170,,*37
$GPGGA,000157.60,3954.3416,N,11622.6617,E,1,08,1.0,50.3,M,0.0,M,,*6D
$GPRMC,000157.70,A,3954.3417,N,11622.6630,E,38.50,88.51,010170,,*35
$GPGGA,000157.70,3954.3417,N,11622.6630,E,1,08,1.0,50.3,M,0.0,M,,*68
$GPRMC,000157.80,A,3954.3417,N,11622.6644,E,38.87,88.51,010170,,*33
$GPGGA,000157.80,3954.3417,N,11622.6644,E,1,08,1.0,50.3,M,0.0,M,,*64
$GPRMC,000157.90,A,3954.3417,N,11622.6659,E,39.23,88.51,010170,,*31
$GPGGA,000157.90,3954.3417,N,11622.6659,E,1,08,1.0,50.3,M,0.0,M,,*69
$GPRMC,000158.00,A,3954.3418,N,11622.6673,E,39.60,88.51,010170,,*37
$GPGGA,000158.00,3954.3418,N,11622.6673,E,1,08,1.0,50.3,M,0.0,M,,*68
$GPRMC,000158.10,A,3954.3418,N,11622.6687,E,39.97,88.51,010170,,*35
$GPGGA,000158.10,3954.3418,N,11622.6687,E,1,08,1.0,50.2,M,0.0,M,,*63
$GPRMC,000158.20,A,3954.3418,N,11622.6702,E,40.34,88.51,010170,,*3D
$GPGGA,000158.20,3954.3418,N,11622.6702,E,1,08,1.0,50.2,M,0.0,M,,*6C
$GPRMC,000158.30,A,3954.3418,N,11622.6716,E,40.70,88.51,010170,,*39
$GPGGA,000158.30,3954.3418,N,11622.6716,E,1,08,1.0,50.2,M,0.0,M,,*68
$GPRMC,000158.40,A,3954.3419,N,11622.6731,E,41.07,88.51,010170,,*3B
$GPGGA,000158.40,3954.3419,N,11622.6731,E,1,08,1.0,50.2,M,0.0,M,,*6B
$GPRMC,000158.50,A,3954.3419,N,11622.6746,E,41.44,88.51,010170,,*3D
$GPGGA,000158.50,3954.3419,N,11622.6746,E,1,08,1.0,50.2,M,0.0,M,,*6A
$GPRMC,000158.60,A,3954.3419,N,11622.6761,E,41.80,88.51,010170,,*33
$GPGGA,000158.60,3954.3419,N,11622.6761,E,1,08,1.0,50.2,M,0.0,M,,*6C
$GPRMC,000158.70,A,3954.3420,N,11622.6776,E,42.17,88.51,010170,,*33
$GPGGA,000158.70,3954.3420,N,11622.6776,E,1,08,1.0,50.2,M,0.0,M,,*61
$GPRMC,000158.80,A,3954.3420,N,11622.6792,E,42.54,88.51,010170,,*31
$GPGGA,000158.80,3954.3420,N,11622.6792,E,1,08,1.0,50.1,M,0.0,M,,*67
$GPRMC,000158.90,A,3954.3420,N,11622.6807,E,42.90,88.51,010170,,*3B
$GPGGA,000158.90,3954.3420,N,11622.6807,E,1,08,1.0,50.1,M,0.0,M,,*65
$GPRMC,000159.00,A,3954.3421,N,11622.6823,E,43.27,88.51,010170,,*39
$GPGGA,000159.00,3954.3421,N,11622.6823,E,1,08,1.0,50.1,M,0.0,M,,*6A
$GPRMC,000159.10,A,3954.3421,N,11622.6838,E,43.64,88.51,010170,,*35
$GPGGA,000159.10,3954.3421,N,11622.6838,E,1,08,1.0,50.1,M,0.0,M,,*61
$GPRMC,000159.20,A,3954.3421,N,11622.6854,E,44.01,88.51,010170,,*38
$GPGGA,000159.20,3954.3421,N,11622.6854,E,1,08,1.0,50.1,M,0.0,M,,*68
$GPRMC,000159.30,A,3954.3422,N,11622.6870,E,44.37,88.51,010170,,*39
$GPGGA,000159.30,3954.3422,N,11622.6870,E,1,08,1.0,50.1,M,0.0,M,,*6C
$GPRMC,000159.40,A,3954.3422,N,11622.6886,E,44.74,88.51,010170,,*30
$GPGGA,000159.40,3954.3422,N,11622.6886,E,1,08,1.0,50.0,M,0.0,M,,*63
$GPRMC,000159.50,A,3954.3422,N,11622.6903,E,45.11,88.51,010170,,*3F
$GPGGA,000159.50,3954.3422,N,11622.6903,E,1,08,1.0,50.0,M,0.0,M,,*6E
$GPRMC,000159.60,A,3954.3422,N,11622.6919,E,45.47,88.51,010170,,*34
$GPGGA,000159.60,3954.3422,N,11622.6919,E,1,08,1.0,50.0,M,0.0,M,,*66
$GPRMC,000159.70,A,3954.3423,N,11622.6936,E,45.84,88.51,010170,,*36
$GPGGA,000159.70,3954.3423,N,11622.6936,E,1,08,1.0,50.0,M,0.0,M,,*6B
$GPRMC,000159.80,A,3954.3423,N,11622.6952,E,46.21,88.51,010170,,*37
$GPGGA,000159.80,3954.3423,N,11622.6952,E,1,08,1.0,50.0,M,0.0,M,,*66
$GPRMC,000159.90,A,3954.3423,N,11622.6969,E,46.57,88.51,010170,,*3F
$GPGGA,000159.90,3954.3423,N,11622.6969,E,1,08,1.0,50.0,M,0.0,M,,*6F
$GPRMC,000200.00,A,3954.3424,N,11622.6986,E,46.76,88.51,010170,,*3C
$GPGGA,000200.00,3954.3424,N,11622.6986,E,1,08,1.0,49.9,M,0.0,M,,*6E
